rank,alpha,batch_size,learning_rate,train_runtime,train_samples_per_second,train_steps_per_second,train_loss,epoch,eval_loss,eval_accuracy,eval_f1,eval_runtime,eval_samples_per_second,eval_steps_per_second,total_parameters,trainable_parameters
1,1,8,0.0003,32.8774,446.265,55.844,0.5914751189986086,4.0,0.5547839999198914,0.7083333333333334,0.8183206106870229,0.9548,427.317,53.415,28772866,8192
1,1,8,0.0001,32.7311,448.258,56.093,0.6173109249871281,4.0,0.6032646298408508,0.6911764705882353,0.8136094674556213,1.0166,401.342,50.168,28772866,8192
1,1,8,5e-05,33.2663,441.047,55.191,0.6322093705985541,4.0,0.6219640970230103,0.6838235294117647,0.8122270742358079,0.8603,474.231,59.279,28772866,8192
1,1,8,3e-05,32.9529,445.241,55.716,0.6397621553707746,4.0,0.6288613677024841,0.6838235294117647,0.8122270742358079,0.9068,449.917,56.24,28772866,8192
1,1,16,0.0003,27.8432,526.951,33.042,0.6011430657428244,4.0,0.5822613835334778,0.6911764705882353,0.8108108108108109,0.8269,493.411,31.443,28772866,8192
1,1,16,0.0001,27.7942,527.88,33.1,0.6249204884404721,4.0,0.6098563075065613,0.6838235294117647,0.8111273792093704,0.8124,502.207,32.003,28772866,8192
1,1,16,5e-05,27.8562,526.705,33.027,0.6375723797342051,4.0,0.6269484758377075,0.6838235294117647,0.8122270742358079,0.8157,500.182,31.874,28772866,8192
1,1,16,3e-05,27.8025,527.723,33.091,0.6453010890794837,4.0,0.6331382989883423,0.6838235294117647,0.8122270742358079,0.8122,502.312,32.01,28772866,8192
1,1,32,0.0003,27.1211,540.98,16.961,0.6098466956097147,4.0,0.5885100364685059,0.696078431372549,0.8143712574850299,0.8122,502.336,16.006,28772866,8192
1,1,32,0.0001,27.2646,538.135,16.872,0.6342777418053669,4.0,0.6205326318740845,0.6838235294117647,0.8122270742358079,0.8105,503.385,16.039,28772866,8192
1,1,32,5e-05,27.1631,540.145,16.935,0.645599365234375,4.0,0.6317541599273682,0.6838235294117647,0.8122270742358079,0.8059,506.257,16.131,28772866,8192
1,1,32,3e-05,27.1888,539.634,16.919,0.6545532889988112,4.0,0.641201376914978,0.6838235294117647,0.8122270742358079,0.7984,511.003,16.282,28772866,8192
1,1,64,0.0003,27.1597,540.212,8.542,0.6169301394758553,4.0,0.5991474390029907,0.6911764705882353,0.8136094674556213,0.8516,479.106,8.22,28772866,8192
1,1,64,0.0001,27.3211,537.021,8.492,0.6398813313451307,4.0,0.628832995891571,0.6838235294117647,0.8122270742358079,0.8043,507.264,8.703,28772866,8192
1,1,64,5e-05,27.2804,537.822,8.504,0.6522247051370555,4.0,0.6405690312385559,0.6838235294117647,0.8122270742358079,0.8094,504.047,8.648,28772866,8192
1,1,64,3e-05,27.2733,537.962,8.506,0.6601011999722185,4.0,0.6511697173118591,0.6813725490196079,0.8099415204678363,0.8114,502.83,8.627,28772866,8192
1,1,128,0.0003,27.284,537.751,4.252,0.631603898673222,4.0,0.6150071024894714,0.6838235294117647,0.8122270742358079,0.8156,500.266,4.905,28772866,8192
1,1,128,0.0001,27.4275,534.938,4.229,0.6515923861799569,4.0,0.6375357508659363,0.6838235294117647,0.8122270742358079,0.8349,488.676,4.791,28772866,8192
1,1,128,5e-05,27.2998,537.441,4.249,0.6624419113685345,4.0,0.6520062685012817,0.6813725490196079,0.8099415204678363,0.8244,494.923,4.852,28772866,8192
1,1,128,3e-05,27.3836,535.794,4.236,0.6675265739704,4.0,0.6594297885894775,0.6691176470588235,0.8,0.8287,492.325,4.827,28772866,8192
1,2,8,0.0003,32.8579,446.529,55.877,0.5742961659150965,4.0,0.5490994453430176,0.7156862745098039,0.8176100628930818,0.8617,473.495,59.187,28772866,8192
1,2,8,0.0001,32.7607,447.854,56.043,0.6050839891620711,4.0,0.5900383591651917,0.696078431372549,0.8143712574850299,0.8605,474.134,59.267,28772866,8192
1,2,8,5e-05,32.6541,449.316,56.226,0.6185593781647859,4.0,0.6045717597007751,0.6887254901960784,0.8118518518518518,0.878,464.704,58.088,28772866,8192
1,2,8,3e-05,32.6747,449.033,56.19,0.6299872554205601,4.0,0.6191754937171936,0.6813725490196079,0.8104956268221575,0.8539,477.835,59.729,28772866,8192
1,2,16,0.0003,27.9398,525.129,32.928,0.5859733415686565,4.0,0.5621215105056763,0.7034313725490197,0.815267175572519,0.8205,497.231,31.686,28772866,8192
1,2,16,0.0001,27.875,526.351,33.005,0.6133675285007643,4.0,0.5968688726425171,0.6887254901960784,0.8107302533532041,0.8143,501.047,31.929,28772866,8192
1,2,16,5e-05,27.9022,525.836,32.972,0.6277782274329144,4.0,0.6147902011871338,0.6838235294117647,0.8111273792093704,0.8371,487.416,31.061,28772866,8192
1,2,16,3e-05,27.8807,526.242,32.998,0.63659551869268,4.0,0.6263638138771057,0.6838235294117647,0.8122270742358079,0.8209,497.015,31.673,28772866,8192
1,2,32,0.0003,27.1462,540.48,16.945,0.5988405310589334,4.0,0.5789710879325867,0.696078431372549,0.8143712574850299,0.9303,438.581,13.974,28772866,8192
1,2,32,0.0001,27.4597,534.31,16.752,0.621275462274966,4.0,0.6029930114746094,0.6936274509803921,0.8153618906942393,0.8289,492.241,15.684,28772866,8192
1,2,32,5e-05,27.0795,541.813,16.987,0.6355482018512228,4.0,0.6226946115493774,0.6813725490196079,0.8104956268221575,0.8196,497.792,15.861,28772866,8192
1,2,32,3e-05,27.121,540.984,16.961,0.6435678233271059,4.0,0.6302734017372131,0.6838235294117647,0.8122270742358079,0.8216,496.576,15.822,28772866,8192
1,2,64,0.0003,27.1659,540.09,8.54,0.6015784164954876,4.0,0.5824288129806519,0.6911764705882353,0.8108108108108109,0.8137,501.414,8.603,28772866,8192
1,2,64,0.0001,27.3145,537.151,8.494,0.6268661104399582,4.0,0.6124435067176819,0.6838235294117647,0.8116788321167884,0.8033,507.892,8.714,28772866,8192
1,2,64,5e-05,27.5107,533.319,8.433,0.6404204533017915,4.0,0.6294591426849365,0.6838235294117647,0.8122270742358079,0.8207,497.14,8.529,28772866,8192
1,2,64,3e-05,27.3252,536.94,8.49,0.6494921980233028,4.0,0.6376730799674988,0.6838235294117647,0.8122270742358079,0.8084,504.702,8.659,28772866,8192
1,2,128,0.0003,27.6284,531.047,4.199,0.6158776118837553,4.0,0.5937753915786743,0.6911764705882353,0.8125,0.8326,490.042,4.804,28772866,8192
1,2,128,0.0001,27.4656,534.196,4.223,0.6399220433728449,4.0,0.626936137676239,0.6838235294117647,0.8122270742358079,0.8241,495.094,4.854,28772866,8192
1,2,128,5e-05,27.5092,533.35,4.217,0.6519848396038187,4.0,0.638201117515564,0.6838235294117647,0.8122270742358079,0.8288,492.27,4.826,28772866,8192
1,2,128,3e-05,27.4434,534.627,4.227,0.6602494470004378,4.0,0.6489862203598022,0.6838235294117647,0.8116788321167884,0.8114,502.861,4.93,28772866,8192
1,4,8,0.0003,32.6975,448.72,56.151,0.5700932671042049,4.0,0.570098876953125,0.7205882352941176,0.822429906542056,0.8488,480.679,60.085,28772866,8192
1,4,8,0.0001,32.548,450.781,56.409,0.5885942496505439,4.0,0.5743172764778137,0.7058823529411765,0.8187311178247734,0.8653,471.488,58.936,28772866,8192
1,4,8,5e-05,32.6384,449.532,56.253,0.6057555420985669,4.0,0.5909402966499329,0.696078431372549,0.8143712574850299,0.8585,475.238,59.405,28772866,8192
1,4,8,3e-05,32.6636,449.185,56.209,0.6152690978870932,4.0,0.6010940670967102,0.6887254901960784,0.8112927191679049,0.872,467.893,58.487,28772866,8192
1,4,16,0.0003,28.04,523.253,32.81,0.57324334849482,4.0,0.5430924296379089,0.7132352941176471,0.8197226502311248,0.8154,500.377,31.887,28772866,8192
1,4,16,0.0001,27.9121,525.649,32.961,0.5981597236965014,4.0,0.5779056549072266,0.6985294117647058,0.8150375939849624,0.816,499.973,31.861,28772866,8192
1,4,16,5e-05,27.8347,527.112,33.052,0.613836321623429,4.0,0.5975555181503296,0.6887254901960784,0.8107302533532041,0.8363,487.853,31.089,28772866,8192
1,4,16,3e-05,27.9879,524.226,32.871,0.6241578143575918,4.0,0.609494149684906,0.6838235294117647,0.8100147275405007,0.8458,482.391,30.741,28772866,8192
1,4,32,0.0003,27.2314,538.789,16.892,0.5795749830163044,4.0,0.5494351983070374,0.7132352941176471,0.8191653786707882,0.8173,499.194,15.906,28772866,8192
1,4,32,0.0001,27.2083,539.248,16.907,0.6079051142153533,4.0,0.5883457064628601,0.6936274509803921,0.8131539611360239,0.8108,503.187,16.033,28772866,8192
1,4,32,5e-05,27.1344,540.716,16.953,0.6220824531886888,4.0,0.6041429042816162,0.6911764705882353,0.8136094674556213,0.8079,505.036,16.092,28772866,8192
1,4,32,3e-05,27.3141,537.159,16.841,0.6329900990361753,4.0,0.619671642780304,0.6813725490196079,0.8104956268221575,0.8133,501.644,15.984,28772866,8192
1,4,64,0.0003,27.3969,535.534,8.468,0.5869005795182853,4.0,0.5650606155395508,0.7034313725490197,0.8147013782542113,0.8226,495.993,8.51,28772866,8192
1,4,64,0.0001,27.2324,538.77,8.519,0.6130040925124596,4.0,0.5966395139694214,0.6887254901960784,0.8107302533532041,0.8103,503.508,8.639,28772866,8192
1,4,64,5e-05,27.2321,538.777,8.519,0.6280040083260372,4.0,0.6148672103881836,0.6838235294117647,0.8116788321167884,0.9166,445.115,7.637,28772866,8192
1,4,64,3e-05,27.2424,538.573,8.516,0.6378304053997171,4.0,0.6272815465927124,0.6838235294117647,0.8122270742358079,0.8109,503.128,8.632,28772866,8192
1,4,128,0.0003,27.3673,536.114,4.239,0.6008039671799232,4.0,0.5810950994491577,0.696078431372549,0.8138138138138138,0.8143,501.048,4.912,28772866,8192
1,4,128,0.0001,27.4066,535.345,4.233,0.6258300912791285,4.0,0.6057059168815613,0.6862745098039216,0.8128654970760234,0.8124,502.214,4.924,28772866,8192
1,4,128,5e-05,27.4469,534.56,4.226,0.6399878140153556,4.0,0.6268945336341858,0.6838235294117647,0.8122270742358079,0.8398,485.835,4.763,28772866,8192
1,4,128,3e-05,27.4202,535.079,4.23,0.6488546831854458,4.0,0.6348541378974915,0.6838235294117647,0.8122270742358079,0.8125,502.141,4.923,28772866,8192
1,8,8,0.0003,32.5806,450.329,56.352,0.6005526523964078,4.0,0.5782995223999023,0.6985294117647058,0.8133535660091047,0.8433,483.79,60.474,28772866,8192
1,8,8,0.0001,32.713,448.507,56.124,0.5706732506845512,4.0,0.5479676723480225,0.7205882352941176,0.821875,0.843,483.987,60.498,28772866,8192
1,8,8,5e-05,32.6778,448.99,56.185,0.5890675629925364,4.0,0.5746865272521973,0.7058823529411765,0.8187311178247734,0.8929,456.914,57.114,28772866,8192
1,8,8,3e-05,32.6696,449.102,56.199,0.6018698532337197,4.0,0.5877864360809326,0.696078431372549,0.8143712574850299,0.8461,482.233,60.279,28772866,8192
1,8,16,0.0003,27.8752,526.346,33.004,0.5856606027354365,4.0,0.5588973760604858,0.7034313725490197,0.815267175572519,0.8224,496.08,31.613,28772866,8192
1,8,16,0.0001,27.8326,527.152,33.055,0.579561830603558,4.0,0.5507184267044067,0.7132352941176471,0.8180404354587869,0.8129,501.877,31.982,28772866,8192
1,8,16,5e-05,28.0309,523.423,32.821,0.5985754759415336,4.0,0.5786328315734863,0.7009803921568627,0.8168168168168168,0.8292,492.028,31.355,28772866,8192
1,8,16,3e-05,27.9653,524.65,32.898,0.6104452879532524,4.0,0.5939685106277466,0.6911764705882353,0.8119402985074626,0.8567,476.224,30.348,28772866,8192
1,8,32,0.0003,27.2161,539.093,16.902,0.5798824144446332,4.0,0.5546112656593323,0.7254901960784313,0.8271604938271605,0.8183,498.598,15.887,28772866,8192
1,8,32,0.0001,27.2317,538.783,16.892,0.5932605245838994,4.0,0.5705456733703613,0.7034313725490197,0.8174962292609351,0.8051,506.765,16.147,28772866,8192
1,8,32,5e-05,27.1493,540.42,16.943,0.6081944341244905,4.0,0.5888358950614929,0.6911764705882353,0.811377245508982,0.8039,507.555,16.172,28772866,8192
1,8,32,3e-05,27.2238,538.94,16.897,0.6184411090353261,4.0,0.5999850630760193,0.6887254901960784,0.8118518518518518,0.8434,483.738,15.413,28772866,8192
1,8,64,0.0003,27.3987,535.5,8.468,0.5740620843295393,4.0,0.545530378818512,0.7205882352941176,0.8213166144200627,1.0768,378.887,6.501,28772866,8192
1,8,64,0.0001,27.2836,537.759,8.503,0.5967608484728583,4.0,0.5769509673118591,0.6985294117647058,0.8144796380090498,0.8093,504.168,8.65,28772866,8192
1,8,64,5e-05,27.2833,537.766,8.503,0.6132000232564991,4.0,0.5969734191894531,0.6887254901960784,0.8107302533532041,0.8101,503.667,8.641,28772866,8192
1,8,64,3e-05,27.4556,534.39,8.45,0.6241117017022495,4.0,0.6091057658195496,0.6838235294117647,0.8111273792093704,0.8096,503.981,8.647,28772866,8192
1,8,128,0.0003,27.422,535.045,4.23,0.5881425923314588,4.0,0.5692946910858154,0.6887254901960784,0.8061068702290076,0.8448,482.934,4.735,28772866,8192
1,8,128,0.0001,27.4249,534.989,4.23,0.6101535928660425,4.0,0.5897188782691956,0.6936274509803921,0.8131539611360239,0.8126,502.12,4.923,28772866,8192
1,8,128,5e-05,27.3272,536.902,4.245,0.6259969513991783,4.0,0.6059934496879578,0.6862745098039216,0.8128654970760234,0.8212,496.821,4.871,28772866,8192
1,8,128,3e-05,27.5335,532.879,4.213,0.63691757465231,4.0,0.6235664486885071,0.6838235294117647,0.8122270742358079,0.8247,494.722,4.85,28772866,8192
1,16,8,0.0003,32.6981,448.711,56.15,0.6384337847009464,4.0,0.6272850632667542,0.6813725490196079,0.8104956268221575,0.8666,470.787,58.848,28772866,8192
1,16,8,0.0001,32.4113,452.681,56.647,0.583233170519727,4.0,0.5753971934318542,0.7009803921568627,0.8111455108359134,0.8677,470.228,58.778,28772866,8192
1,16,8,5e-05,32.5056,451.369,56.483,0.5711921658650982,4.0,0.5484032034873962,0.7205882352941176,0.822429906542056,1.0282,396.803,49.6,28772866,8192
1,16,8,3e-05,32.6217,449.761,56.281,0.5836040023105596,4.0,0.560847282409668,0.7083333333333334,0.8177641653905053,1.0244,398.266,49.783,28772866,8192
1,16,16,0.0003,27.8,527.77,33.094,0.6268735139266305,4.0,0.6179866194725037,0.6911764705882353,0.8096676737160121,0.8549,477.26,30.414,28772866,8192
1,16,16,0.0001,27.9098,525.694,32.963,0.574357041068699,4.0,0.5489091277122498,0.7254901960784313,0.8255451713395638,0.8071,505.54,32.216,28772866,8192
1,16,16,5e-05,27.8768,526.316,33.002,0.5798291247823965,4.0,0.5511048436164856,0.7156862745098039,0.8198757763975155,0.8147,500.791,31.913,28772866,8192
1,16,16,3e-05,27.8028,527.717,33.09,0.593986295617145,4.0,0.5729727745056152,0.7034313725490197,0.8174962292609351,0.832,490.379,31.25,28772866,8192
1,16,32,0.0003,27.1175,541.054,16.963,0.6054503731105638,4.0,0.5909889340400696,0.6911764705882353,0.8061538461538461,0.8112,502.968,16.026,28772866,8192
1,16,32,0.0001,27.1598,540.21,16.937,0.5782602061396059,4.0,0.5462692379951477,0.7205882352941176,0.822429906542056,0.8122,502.335,16.006,28772866,8192
1,16,32,5e-05,27.0969,541.463,16.976,0.5935065228006114,4.0,0.5710474848747253,0.7034313725490197,0.8174962292609351,0.8141,501.166,15.969,28772866,8192
1,16,32,3e-05,27.088,541.643,16.982,0.6048179294752039,4.0,0.5861135125160217,0.6936274509803921,0.8131539611360239,0.8574,475.881,15.163,28772866,8192
1,16,64,0.0003,27.1561,540.284,8.543,0.5859264505320582,4.0,0.5752988457679749,0.7107843137254902,0.8179012345679012,0.8309,491.047,8.425,28772866,8192
1,16,64,0.0001,27.3022,537.393,8.497,0.5814772638781317,4.0,0.5558598637580872,0.7009803921568627,0.8123076923076923,0.8275,493.064,8.459,28772866,8192
1,16,64,5e-05,27.252,538.382,8.513,0.5969477686388739,4.0,0.5773159265518188,0.6985294117647058,0.8144796380090498,0.8066,505.847,8.679,28772866,8192
1,16,64,3e-05,27.3437,536.578,8.485,0.6091085631271889,4.0,0.5926259160041809,0.696078431372549,0.8143712574850299,0.8223,496.144,8.512,28772866,8192
1,16,128,0.0003,27.5191,533.158,4.215,0.5867852835819639,4.0,0.5751395225524902,0.6887254901960784,0.806697108066971,0.811,503.066,4.932,28772866,8192
1,16,128,0.0001,27.4975,533.576,4.219,0.5948047637939453,4.0,0.5782049298286438,0.7009803921568627,0.8157099697885196,0.8301,491.482,4.818,28772866,8192
1,16,128,5e-05,27.3669,536.123,4.239,0.6102400812609442,4.0,0.5898498892784119,0.6936274509803921,0.8131539611360239,0.8165,499.714,4.899,28772866,8192
1,16,128,3e-05,27.3889,535.692,4.235,0.6218574129301926,4.0,0.600795567035675,0.6936274509803921,0.8159057437407953,0.8248,494.647,4.849,28772866,8192
2,1,8,0.0003,33.2001,441.926,55.301,0.5879307832073801,4.0,0.5558878779411316,0.7230392156862745,0.8295625942684767,0.8708,468.561,58.57,28781058,16384
2,1,8,0.0001,33.2871,440.771,55.156,0.6197282462857647,4.0,0.6038578152656555,0.6838235294117647,0.8122270742358079,0.8546,477.409,59.676,28781058,16384
2,1,8,5e-05,33.2089,441.809,55.286,0.6329756011630455,4.0,0.6191470623016357,0.6838235294117647,0.8122270742358079,0.8437,483.607,60.451,28781058,16384
2,1,8,3e-05,33.2103,441.79,55.284,0.6402164035373263,4.0,0.6259907484054565,0.6838235294117647,0.8122270742358079,0.849,480.549,60.069,28781058,16384
2,1,16,0.0003,28.3333,517.836,32.471,0.6016697593357252,4.0,0.577795684337616,0.7058823529411765,0.8203592814371258,0.822,496.354,31.63,28781058,16384
2,1,16,0.0001,28.3427,517.665,32.46,0.6273767222528872,4.0,0.6119617819786072,0.6838235294117647,0.8122270742358079,1.4762,276.39,17.613,28781058,16384
2,1,16,5e-05,29.2945,500.844,31.405,0.6386888255243716,4.0,0.624708354473114,0.6838235294117647,0.8122270742358079,1.1499,354.815,22.611,28781058,16384
2,1,16,3e-05,28.5487,513.928,32.226,0.6448738761570143,4.0,0.6305137276649475,0.6838235294117647,0.8122270742358079,0.8089,504.39,32.142,28781058,16384
2,1,32,0.0003,28.0279,523.479,16.412,0.6131943412449049,4.0,0.588562548160553,0.6862745098039216,0.8134110787172012,0.7971,511.831,16.308,28781058,16384
2,1,32,0.0001,27.9541,524.861,16.456,0.6367050170898437,4.0,0.6209582090377808,0.6838235294117647,0.8122270742358079,0.8275,493.072,15.711,28781058,16384
2,1,32,5e-05,27.9067,525.751,16.483,0.6455740887185801,4.0,0.6295538544654846,0.6838235294117647,0.8122270742358079,1.1465,355.876,11.339,28781058,16384
2,1,32,3e-05,27.688,529.905,16.614,0.6523712821628737,4.0,0.6367640495300293,0.6838235294117647,0.8122270742358079,0.8207,497.139,15.84,28781058,16384
2,1,64,0.0003,27.8731,526.386,8.323,0.6218380763612944,4.0,0.6042685508728027,0.6838235294117647,0.8122270742358079,0.8216,496.596,8.52,28781058,16384
2,1,64,0.0001,27.7182,529.327,8.37,0.6408555261020003,4.0,0.6266289353370667,0.6838235294117647,0.8122270742358079,0.981,415.906,7.136,28781058,16384
2,1,64,5e-05,27.5863,531.858,8.41,0.6500556551176926,4.0,0.6358184814453125,0.6838235294117647,0.8122270742358079,0.993,410.88,7.049,28781058,16384
2,1,64,3e-05,27.5144,533.249,8.432,0.6573227849499933,4.0,0.6455755829811096,0.6838235294117647,0.8122270742358079,0.9919,411.324,7.057,28781058,16384
2,1,128,0.0003,27.584,531.902,4.205,0.6336056281780374,4.0,0.6174041032791138,0.6838235294117647,0.8122270742358079,0.8541,477.686,4.683,28781058,16384
2,1,128,0.0001,28.0332,523.379,4.138,0.6490654780946928,4.0,0.632891833782196,0.6838235294117647,0.8122270742358079,0.8438,483.556,4.741,28781058,16384
2,1,128,5e-05,27.6938,529.795,4.189,0.6591796217293575,4.0,0.6460486650466919,0.6838235294117647,0.8122270742358079,0.8407,485.328,4.758,28781058,16384
2,1,128,3e-05,27.5539,532.483,4.21,0.6650646472799366,4.0,0.6548673510551453,0.6813725490196079,0.8093841642228738,0.8355,488.309,4.787,28781058,16384
2,2,8,0.0003,33.0801,443.53,55.502,0.5720826940598831,4.0,0.5383884310722351,0.7352941176470589,0.8333333333333334,0.8619,473.387,59.173,28781058,16384
2,2,8,0.0001,33.0702,443.662,55.518,0.6040062332984409,4.0,0.5816137790679932,0.6911764705882353,0.8152492668621701,0.8613,473.69,59.211,28781058,16384
2,2,8,5e-05,33.1042,443.207,55.461,0.621764388738894,4.0,0.6064776182174683,0.6838235294117647,0.8122270742358079,0.8576,475.774,59.472,28781058,16384
2,2,8,3e-05,33.0402,444.065,55.569,0.6313483876080814,4.0,0.6177446842193604,0.6838235294117647,0.8122270742358079,0.8473,481.543,60.193,28781058,16384
2,2,16,0.0003,28.3301,517.894,32.474,0.5887552841849949,4.0,0.5558111667633057,0.7083333333333334,0.8194233687405159,0.8393,486.091,30.976,28781058,16384
2,2,16,0.0001,28.5326,514.219,32.244,0.6143275219461192,4.0,0.594842255115509,0.6838235294117647,0.8122270742358079,0.8059,506.272,32.262,28781058,16384
2,2,16,5e-05,28.7656,510.053,31.983,0.6289544146993886,4.0,0.61424320936203,0.6838235294117647,0.8122270742358079,0.9644,423.063,26.96,28781058,16384
2,2,16,3e-05,28.693,511.344,32.064,0.6372128362240999,4.0,0.6231369972229004,0.6838235294117647,0.8122270742358079,0.8713,468.267,29.841,28781058,16384
2,2,32,0.0003,27.4967,533.591,16.729,0.5980890025263247,4.0,0.569730818271637,0.7009803921568627,0.8162650602409639,0.8145,500.901,15.96,28781058,16384
2,2,32,0.0001,27.393,535.611,16.793,0.6241724428923233,4.0,0.6053428053855896,0.6838235294117647,0.8122270742358079,0.8304,491.329,15.655,28781058,16384
2,2,32,5e-05,27.5846,531.892,16.676,0.6371869294539741,4.0,0.6214724779129028,0.6838235294117647,0.8122270742358079,0.8061,506.132,16.127,28781058,16384
2,2,32,3e-05,27.4619,534.268,16.751,0.6437357363493547,4.0,0.6278577446937561,0.6838235294117647,0.8122270742358079,0.8252,494.418,15.754,28781058,16384
2,2,64,0.0003,27.5542,532.477,8.42,0.6049127249882139,4.0,0.5797855854034424,0.7058823529411765,0.8219584569732937,0.8162,499.848,8.576,28781058,16384
2,2,64,0.0001,27.4673,534.163,8.446,0.630682451971646,4.0,0.6162707805633545,0.6838235294117647,0.8122270742358079,0.8355,488.324,8.378,28781058,16384
2,2,64,5e-05,27.625,531.113,8.398,0.6412163438468144,4.0,0.627104640007019,0.6838235294117647,0.8122270742358079,0.8065,505.904,8.68,28781058,16384
2,2,64,3e-05,27.4184,535.114,8.461,0.6477963020061624,4.0,0.6333656907081604,0.6838235294117647,0.8122270742358079,0.8376,487.101,8.357,28781058,16384
2,2,128,0.0003,27.5876,531.832,4.205,0.6204360435748922,4.0,0.6008421182632446,0.6838235294117647,0.8122270742358079,0.8361,487.996,4.784,28781058,16384
2,2,128,0.0001,27.6663,530.321,4.193,0.6403069989434604,4.0,0.6247678399085999,0.6838235294117647,0.8122270742358079,1.0044,406.203,3.982,28781058,16384
2,2,128,5e-05,27.8191,527.408,4.17,0.6493169192610115,4.0,0.6332820653915405,0.6838235294117647,0.8122270742358079,0.8436,483.613,4.741,28781058,16384
2,2,128,3e-05,27.7648,528.439,4.178,0.6568185872045057,4.0,0.6427529454231262,0.6838235294117647,0.8122270742358079,0.8173,499.196,4.894,28781058,16384
2,4,8,0.0003,33.2236,441.614,55.262,0.5654711422057972,4.0,0.5293002128601074,0.75,0.8375796178343949,0.867,470.593,58.824,28781058,16384
2,4,8,0.0001,33.2811,440.85,55.166,0.5853783684358618,4.0,0.5552257299423218,0.7279411764705882,0.8320726172465961,0.8525,478.606,59.826,28781058,16384
2,4,8,5e-05,35.6345,411.735,51.523,0.6045936800555726,4.0,0.582686185836792,0.6911764705882353,0.8157894736842105,0.8711,468.374,58.547,28781058,16384
2,4,8,3e-05,33.0974,443.298,55.473,0.6179977948888974,4.0,0.6016492247581482,0.6838235294117647,0.8122270742358079,0.8625,473.045,59.131,28781058,16384
2,4,16,0.0003,28.4816,515.14,32.302,0.5672688691512399,4.0,0.5181449055671692,0.7303921568627451,0.8270440251572327,0.8297,491.765,31.338,28781058,16384
2,4,16,0.0001,28.3845,516.901,32.412,0.5992589535920516,4.0,0.5731086730957031,0.7058823529411765,0.8198198198198198,0.8193,497.993,31.735,28781058,16384
2,4,16,5e-05,28.7781,509.833,31.969,0.6150867130445398,4.0,0.5956705808639526,0.6838235294117647,0.8122270742358079,0.9878,413.038,26.321,28781058,16384
2,4,16,3e-05,28.8926,507.813,31.842,0.6260618458623471,4.0,0.6106386184692383,0.6838235294117647,0.8122270742358079,0.9942,410.38,26.152,28781058,16384
2,4,32,0.0003,27.7544,528.638,16.574,0.5842856365701427,4.0,0.5429807901382446,0.7181372549019608,0.8217054263565892,1.143,356.955,11.374,28781058,16384
2,4,32,0.0001,28.1355,521.477,16.349,0.6096424932065218,4.0,0.5853556990623474,0.696078431372549,0.8176470588235294,1.0011,407.538,12.985,28781058,16384
2,4,32,5e-05,28.0898,522.324,16.376,0.6254058174465014,4.0,0.6074800491333008,0.6838235294117647,0.8122270742358079,0.9836,414.788,13.216,28781058,16384
2,4,32,3e-05,28.0579,522.918,16.395,0.6350608493970789,4.0,0.6192421913146973,0.6838235294117647,0.8122270742358079,0.877,465.202,14.823,28781058,16384
2,4,64,0.0003,27.9305,525.303,8.306,0.5910743187213766,4.0,0.56132572889328,0.7132352941176471,0.8213740458015267,0.9857,413.903,7.101,28781058,16384
2,4,64,0.0001,27.5937,531.716,8.408,0.6167237511996565,4.0,0.5970646739006042,0.6838235294117647,0.8122270742358079,0.8266,493.576,8.468,28781058,16384
2,4,64,5e-05,27.7516,528.69,8.36,0.6311956602951576,4.0,0.617063581943512,0.6838235294117647,0.8122270742358079,1.1348,359.519,6.168,28781058,16384
2,4,64,3e-05,27.5519,532.523,8.42,0.6391291782773775,4.0,0.625135064125061,0.6838235294117647,0.8122270742358079,0.8294,491.936,8.44,28781058,16384
2,4,128,0.0003,27.7061,529.558,4.187,0.6055062392662311,4.0,0.5812723636627197,0.7034313725490197,0.8207407407407408,0.8109,503.154,4.933,28781058,16384
2,4,128,0.0001,27.5149,533.238,4.216,0.628357065135035,4.0,0.6110626459121704,0.6838235294117647,0.8122270742358079,0.8896,458.648,4.497,28781058,16384
2,4,128,5e-05,27.5873,531.84,4.205,0.6402722720442147,4.0,0.6247044205665588,0.6838235294117647,0.8122270742358079,0.8117,502.662,4.928,28781058,16384
2,4,128,3e-05,27.8803,526.25,4.161,0.6468407861117659,4.0,0.6307817101478577,0.6838235294117647,0.8122270742358079,0.8951,455.838,4.469,28781058,16384
2,8,8,0.0003,33.3434,440.027,55.063,0.5921450762447449,4.0,0.5641397833824158,0.7034313725490197,0.8112324492979719,0.8676,470.25,58.781,28781058,16384
2,8,8,0.0001,33.1716,442.306,55.348,0.566948202960112,4.0,0.5366600751876831,0.7352941176470589,0.83125,0.9166,445.12,55.64,28781058,16384
2,8,8,5e-05,33.0525,443.9,55.548,0.5859630559784135,4.0,0.5559682846069336,0.7254901960784313,0.8308157099697885,0.8572,475.98,59.497,28781058,16384
2,8,8,3e-05,33.2567,441.174,55.207,0.5997391993703406,4.0,0.5756197571754456,0.696078431372549,0.8171091445427728,1.0264,397.514,49.689,28781058,16384
2,8,16,0.0003,28.3178,518.119,32.488,0.5771182350490405,4.0,0.5458565354347229,0.7303921568627451,0.8286604361370716,0.8258,494.047,31.483,28781058,16384
2,8,16,0.0001,28.2781,518.847,32.534,0.5817596601403278,4.0,0.5413054823875427,0.7279411764705882,0.8294930875576036,0.858,475.536,30.304,28781058,16384
2,8,16,5e-05,28.3885,516.828,32.407,0.5995725382929263,4.0,0.5735887289047241,0.7058823529411765,0.8198198198198198,0.8588,475.097,30.276,28781058,16384
2,8,16,3e-05,28.2496,519.37,32.567,0.61114327803902,4.0,0.5904077887535095,0.6862745098039216,0.8134110787172012,0.857,476.08,30.338,28781058,16384
2,8,32,0.0003,27.4717,534.076,16.744,0.5737307341202446,4.0,0.5275530219078064,0.7328431372549019,0.8299531981279251,0.8445,483.101,15.393,28781058,16384
2,8,32,0.0001,27.6973,529.726,16.608,0.5937576293945312,4.0,0.5631319880485535,0.7034313725490197,0.8147013782542113,0.9824,415.297,13.233,28781058,16384
2,8,32,5e-05,27.5509,532.541,16.696,0.6098593006963315,4.0,0.5856713652610779,0.6936274509803921,0.8164464023494861,0.8387,486.487,15.501,28781058,16384
2,8,32,3e-05,27.722,529.255,16.593,0.6216375599736753,4.0,0.6024103164672852,0.6838235294117647,0.8122270742358079,0.8263,493.746,15.732,28781058,16384
2,8,64,0.0003,27.6174,531.26,8.401,0.5759289840172077,4.0,0.5367591977119446,0.7279411764705882,0.8229665071770335,0.8424,484.316,8.309,28781058,16384
2,8,64,0.0001,27.4963,533.599,8.437,0.5996875762939453,4.0,0.5735825300216675,0.7009803921568627,0.8168168168168168,0.8274,493.101,8.46,28781058,16384
2,8,64,5e-05,27.5076,533.38,8.434,0.6169474371548357,4.0,0.5974102020263672,0.6838235294117647,0.8122270742358079,0.8306,491.202,8.427,28781058,16384
2,8,64,3e-05,27.4378,534.736,8.455,0.6279735565185547,4.0,0.6132110953330994,0.6838235294117647,0.8122270742358079,0.8268,493.454,8.466,28781058,16384
2,8,128,0.0003,27.5962,531.666,4.203,0.5902936869654162,4.0,0.555851936340332,0.696078431372549,0.808641975308642,0.9856,413.956,4.058,28781058,16384
2,8,128,0.0001,27.5391,532.77,4.212,0.6145831798685009,4.0,0.5934895277023315,0.6838235294117647,0.8122270742358079,1.0039,406.432,3.985,28781058,16384
2,8,128,5e-05,27.6501,530.631,4.195,0.628293070299872,4.0,0.611205518245697,0.6838235294117647,0.8122270742358079,0.8442,483.314,4.738,28781058,16384
2,8,128,3e-05,27.5247,533.049,4.214,0.6376653868576576,4.0,0.6221439242362976,0.6838235294117647,0.8122270742358079,0.8144,500.976,4.912,28781058,16384
2,16,8,0.0003,33.1688,442.344,55.353,0.6327099270290799,4.0,0.6028046011924744,0.7009803921568627,0.8173652694610778,0.8607,474.047,59.256,28781058,16384
2,16,8,0.0001,33.0139,444.418,55.613,0.5729049483155892,4.0,0.5424485802650452,0.7254901960784313,0.8238993710691824,0.8657,471.273,58.909,28781058,16384
2,16,8,5e-05,33.2864,440.781,55.158,0.5673784243515114,4.0,0.5370436906814575,0.7377450980392157,0.8330733229329174,1.0409,391.962,48.995,28781058,16384
2,16,8,3e-05,32.9763,444.926,55.676,0.5815000430171526,4.0,0.5506412982940674,0.7279411764705882,0.8315629742033384,0.8486,480.764,60.095,28781058,16384
2,16,16,0.0003,28.4248,516.168,32.366,0.6122747338336447,4.0,0.5936729311943054,0.7009803921568627,0.8134556574923547,0.8594,474.735,30.253,28781058,16384
2,16,16,0.0001,28.5414,514.06,32.234,0.5663614687712296,4.0,0.5288243293762207,0.7352941176470589,0.8296529968454258,0.9876,413.125,26.327,28781058,16384
2,16,16,5e-05,28.4019,516.585,32.392,0.5821108942446501,4.0,0.5421159267425537,0.7279411764705882,0.8294930875576036,0.8405,485.414,30.933,28781058,16384
2,16,16,3e-05,28.3862,516.871,32.41,0.5954498125159222,4.0,0.5672847032546997,0.7083333333333334,0.8210526315789474,0.8079,505.001,32.181,28781058,16384
2,16,32,0.0003,27.4575,534.353,16.753,0.5924219546110734,4.0,0.5717154741287231,0.7058823529411765,0.810126582278481,0.7929,514.596,16.396,28781058,16384
2,16,32,0.0001,27.5283,532.98,16.71,0.5811317112134851,4.0,0.5302772521972656,0.7352941176470589,0.8301886792452831,0.982,415.468,13.238,28781058,16384
2,16,32,5e-05,27.5251,533.041,16.712,0.5939449144446332,4.0,0.5634564161300659,0.6985294117647058,0.8122137404580153,0.8104,503.485,16.042,28781058,16384
2,16,32,3e-05,27.5673,532.226,16.686,0.6059467481530231,4.0,0.5805371403694153,0.696078431372549,0.8154761904761905,0.8223,496.143,15.808,28781058,16384
2,16,64,0.0003,27.7452,528.813,8.362,0.5764292355241447,4.0,0.5567901730537415,0.7279411764705882,0.8273716951788491,0.8113,502.871,8.628,28781058,16384
2,16,64,0.0001,27.6126,531.351,8.402,0.5857106570539803,4.0,0.5567318797111511,0.7058823529411765,0.8136645962732919,0.8153,500.428,8.586,28781058,16384
2,16,64,5e-05,27.5658,532.253,8.416,0.5998245107716528,4.0,0.5738130807876587,0.7009803921568627,0.8168168168168168,0.8147,500.774,8.592,28781058,16384
2,16,64,3e-05,27.6806,530.047,8.381,0.61264024931809,4.0,0.5911893844604492,0.6862745098039216,0.8134110787172012,0.8039,507.526,8.708,28781058,16384
2,16,128,0.0003,27.7419,528.875,4.181,0.5880943824504984,4.0,0.5558469295501709,0.7279411764705882,0.8273716951788491,0.8651,471.602,4.624,28781058,16384
2,16,128,0.0001,27.837,527.068,4.167,0.5993829266778354,4.0,0.5758956670761108,0.7034313725490197,0.8169440242057489,0.8173,499.233,4.894,28781058,16384
2,16,128,5e-05,27.635,530.922,4.198,0.6146587503367457,4.0,0.5935985445976257,0.6838235294117647,0.8122270742358079,0.8291,492.122,4.825,28781058,16384
2,16,128,3e-05,27.6706,530.237,4.192,0.6247479668978987,4.0,0.6068173050880432,0.6838235294117647,0.8122270742358079,0.9981,408.787,4.008,28781058,16384
4,1,8,0.0003,33.0599,443.8,55.535,0.5812464612241923,4.0,0.560129702091217,0.7034313725490197,0.8118195956454122,0.8772,465.118,58.14,28797442,32768
4,1,8,0.0001,33.0794,443.538,55.503,0.6110749338187423,4.0,0.596550464630127,0.696078431372549,0.8176470588235294,0.8418,484.654,60.582,28797442,32768
4,1,8,5e-05,33.1789,442.209,55.336,0.6287642501797811,4.0,0.6169350147247314,0.6838235294117647,0.8122270742358079,1.0371,393.397,49.175,28797442,32768
4,1,8,3e-05,33.6765,435.675,54.519,0.6368935778250102,4.0,0.6255994439125061,0.6838235294117647,0.8122270742358079,0.8806,463.329,57.916,28797442,32768
4,1,16,0.0003,28.4754,515.252,32.309,0.5912350696066152,4.0,0.569337785243988,0.7083333333333334,0.8166409861325116,0.8986,454.063,28.935,28797442,32768
4,1,16,0.0001,28.4813,515.145,32.302,0.621342484847359,4.0,0.6081281304359436,0.6838235294117647,0.8122270742358079,1.2119,336.673,21.455,28797442,32768
4,1,16,5e-05,28.2684,519.024,32.545,0.6349680029827616,4.0,0.6240099668502808,0.6838235294117647,0.8122270742358079,0.8256,494.216,31.494,28797442,32768
4,1,16,3e-05,28.3294,517.907,32.475,0.6415273251740828,4.0,0.6304882168769836,0.6838235294117647,0.8122270742358079,0.8279,492.785,31.403,28797442,32768
4,1,32,0.0003,27.457,534.362,16.753,0.602950850777004,4.0,0.58309006690979,0.7034313725490197,0.8163884673748103,0.7986,510.874,16.278,28797442,32768
4,1,32,0.0001,27.5242,533.058,16.713,0.6325343256411345,4.0,0.6194979548454285,0.6838235294117647,0.8122270742358079,0.8275,493.026,15.709,28797442,32768
4,1,32,5e-05,27.5227,533.087,16.713,0.6422885397206182,4.0,0.6296340227127075,0.6838235294117647,0.8122270742358079,0.8552,477.071,15.201,28797442,32768
4,1,32,3e-05,27.7657,528.422,16.567,0.6486650549847147,4.0,0.635841965675354,0.6838235294117647,0.8122270742358079,0.8665,470.883,15.004,28797442,32768
4,1,64,0.0003,27.5194,533.15,8.43,0.6131109040358971,4.0,0.5978551506996155,0.6985294117647058,0.8177777777777778,0.9839,414.697,7.115,28797442,32768
4,1,64,0.0001,27.5883,531.819,8.409,0.6372302482868063,4.0,0.6264809370040894,0.6838235294117647,0.8122270742358079,0.8209,496.992,8.527,28797442,32768
4,1,64,5e-05,27.7805,528.14,8.351,0.6463607919627222,4.0,0.6351233720779419,0.6838235294117647,0.8122270742358079,0.8194,497.909,8.543,28797442,32768
4,1,64,3e-05,27.785,528.055,8.35,0.6533950279498922,4.0,0.6429972648620605,0.6838235294117647,0.8122270742358079,0.8231,495.717,8.505,28797442,32768
4,1,128,0.0003,27.759,528.549,4.179,0.6289158525138066,4.0,0.6147695779800415,0.6838235294117647,0.8122270742358079,0.9886,412.711,4.046,28797442,32768
4,1,128,0.0001,28.199,520.303,4.114,0.6456167944546404,4.0,0.632618248462677,0.6838235294117647,0.8122270742358079,0.8298,491.681,4.82,28797442,32768
4,1,128,5e-05,27.9473,524.988,4.151,0.6553246070598734,4.0,0.6433093547821045,0.6838235294117647,0.8122270742358079,0.8197,497.74,4.88,28797442,32768
4,1,128,3e-05,27.7279,529.143,4.184,0.6618870702283136,4.0,0.651869535446167,0.6813725490196079,0.8104956268221575,0.8767,465.382,4.563,28797442,32768
4,2,8,0.0003,33.6714,435.741,54.527,0.5663278617110907,4.0,0.536797046661377,0.7181372549019608,0.8177496038034865,0.8581,475.448,59.431,28797442,32768
4,2,8,0.0001,33.3351,440.136,55.077,0.5949117456905723,4.0,0.5796490907669067,0.7034313725490197,0.8163884673748103,0.864,472.21,59.026,28797442,32768
4,2,8,5e-05,33.251,441.25,55.216,0.6135997398226869,4.0,0.6001389622688293,0.6887254901960784,0.8140556368960469,0.862,473.311,59.164,28797442,32768
4,2,8,3e-05,33.4169,439.059,54.942,0.626598507750268,4.0,0.6148070693016052,0.6838235294117647,0.8122270742358079,1.0211,399.58,49.948,28797442,32768
4,2,16,0.0003,28.4318,516.043,32.358,0.5770713308583135,4.0,0.5508966445922852,0.7181372549019608,0.8205928237129485,0.8376,487.107,31.041,28797442,32768
4,2,16,0.0001,28.3526,517.484,32.449,0.6034393642259681,4.0,0.5878655314445496,0.696078431372549,0.8121212121212121,0.837,487.463,31.064,28797442,32768
4,2,16,5e-05,28.2376,519.591,32.581,0.6224262735118037,4.0,0.6099462509155273,0.6838235294117647,0.8122270742358079,0.8269,493.418,31.443,28797442,32768
4,2,16,3e-05,28.4052,516.525,32.388,0.6326074683147928,4.0,0.6213589906692505,0.6838235294117647,0.8122270742358079,0.8135,501.516,31.959,28797442,32768
4,2,32,0.0003,27.5874,531.838,16.674,0.5849229895550272,4.0,0.5550588965415955,0.7083333333333334,0.8160741885625966,0.8695,469.212,14.95,28797442,32768
4,2,32,0.0001,27.4529,534.442,16.756,0.616363060992697,4.0,0.5996217727661133,0.696078431372549,0.8176470588235294,0.8032,507.999,16.186,28797442,32768
4,2,32,5e-05,27.4802,533.912,16.739,0.6328761225161346,4.0,0.6199399828910828,0.6838235294117647,0.8122270742358079,0.8106,503.36,16.038,28797442,32768
4,2,32,3e-05,27.4933,533.658,16.731,0.6402181210725204,4.0,0.6276713609695435,0.6838235294117647,0.8122270742358079,0.974,418.909,13.348,28797442,32768
4,2,64,0.0003,27.5242,533.058,8.429,0.594586339490167,4.0,0.5754250288009644,0.6985294117647058,0.8098918083462133,0.8461,482.21,8.273,28797442,32768
4,2,64,0.0001,27.6922,529.825,8.378,0.6251421303584658,4.0,0.6135922074317932,0.6838235294117647,0.8122270742358079,0.8423,484.41,8.311,28797442,32768
4,2,64,5e-05,27.5641,532.287,8.417,0.6375314778295057,4.0,0.6269434094429016,0.6838235294117647,0.8122270742358079,0.8117,502.659,8.624,28797442,32768
4,2,64,3e-05,27.5681,532.209,8.416,0.6441654994569975,4.0,0.6331120729446411,0.6838235294117647,0.8122270742358079,0.8113,502.922,8.629,28797442,32768
4,2,128,0.0003,27.6086,531.428,4.202,0.611049849411537,4.0,0.5921861529350281,0.7009803921568627,0.817910447761194,0.8334,489.589,4.8,28797442,32768
4,2,128,0.0001,27.8437,526.942,4.166,0.636606347971949,4.0,0.6239513158798218,0.6838235294117647,0.8122270742358079,0.8291,492.115,4.825,28797442,32768
4,2,128,5e-05,27.6258,531.097,4.199,0.6457925993820717,4.0,0.6329161524772644,0.6838235294117647,0.8122270742358079,0.9933,410.757,4.027,28797442,32768
4,2,128,3e-05,27.6925,529.818,4.189,0.6528635353877627,4.0,0.6404194831848145,0.6838235294117647,0.8122270742358079,0.8176,499.021,4.892,28797442,32768
4,4,8,0.0003,33.0578,443.829,55.539,0.5581768675826994,4.0,0.5261929035186768,0.7352941176470589,0.8280254777070064,0.9016,452.506,56.563,28797442,32768
4,4,8,0.0001,32.9009,445.946,55.804,0.5776941968464904,4.0,0.5538864135742188,0.7058823529411765,0.8119122257053292,0.8418,484.702,60.588,28797442,32768
4,4,8,5e-05,32.9079,445.85,55.792,0.5955914432966112,4.0,0.5805068612098694,0.7034313725490197,0.8163884673748103,0.8559,476.711,59.589,28797442,32768
4,4,8,3e-05,32.9943,444.683,55.646,0.6090798222161586,4.0,0.5954312682151794,0.6985294117647058,0.8183161004431314,0.865,471.686,58.961,28797442,32768
4,4,16,0.0003,28.336,517.786,32.468,0.5597402157990828,4.0,0.523824155330658,0.75,0.839622641509434,0.8396,485.943,30.967,28797442,32768
4,4,16,0.0001,28.3223,518.037,32.483,0.5878251448921535,4.0,0.5652379393577576,0.7058823529411765,0.8153846153846154,0.8203,497.361,31.695,28797442,32768
4,4,16,5e-05,28.2755,518.894,32.537,0.6048052248747452,4.0,0.5894953012466431,0.696078431372549,0.8126888217522659,0.8236,495.399,31.57,28797442,32768
4,4,16,3e-05,28.2893,518.642,32.521,0.6188351838485054,4.0,0.6057541966438293,0.6813725490196079,0.8104956268221575,0.8398,485.837,30.96,28797442,32768
4,4,32,0.0003,27.4233,535.02,16.774,0.5679596610691237,4.0,0.5355998873710632,0.7230392156862745,0.8197767145135566,0.834,489.189,15.587,28797442,32768
4,4,32,0.0001,27.4325,534.841,16.768,0.5981657608695652,4.0,0.5774686932563782,0.7034313725490197,0.815267175572519,0.8561,476.587,15.185,28797442,32768
4,4,32,5e-05,27.4629,534.247,16.75,0.6177338973335598,4.0,0.6020238399505615,0.6838235294117647,0.8116788321167884,0.8057,506.417,16.136,28797442,32768
4,4,32,3e-05,27.5033,533.464,16.725,0.6298895130986752,4.0,0.6166166663169861,0.6838235294117647,0.8122270742358079,0.8256,494.199,15.747,28797442,32768
4,4,64,0.0003,27.6156,531.293,8.401,0.5797140187230604,4.0,0.5488691926002502,0.7156862745098039,0.8152866242038217,0.831,490.995,8.424,28797442,32768
4,4,64,0.0001,27.545,532.656,8.423,0.6065736310235386,4.0,0.5907130241394043,0.6936274509803921,0.8125937031484258,0.8239,495.228,8.497,28797442,32768
4,4,64,5e-05,27.5459,532.638,8.422,0.6252119130101698,4.0,0.6137712001800537,0.6838235294117647,0.8122270742358079,0.8282,492.63,8.452,28797442,32768
4,4,64,3e-05,27.5923,531.742,8.408,0.6346966973666487,4.0,0.6240912079811096,0.6838235294117647,0.8122270742358079,0.8196,497.827,8.541,28797442,32768
4,4,128,0.0003,27.7774,528.199,4.176,0.5947103171512998,4.0,0.5698262453079224,0.7034313725490197,0.815267175572519,0.8149,500.704,4.909,28797442,32768
4,4,128,0.0001,27.6367,530.889,4.197,0.6222899206753435,4.0,0.606526792049408,0.6838235294117647,0.8122270742358079,0.8379,486.938,4.774,28797442,32768
4,4,128,5e-05,27.7359,528.989,4.182,0.6362869657319168,4.0,0.6236057281494141,0.6838235294117647,0.8122270742358079,0.8419,484.625,4.751,28797442,32768
4,4,128,3e-05,27.6735,530.182,4.192,0.6431826887459591,4.0,0.6304041743278503,0.6838235294117647,0.8122270742358079,0.8265,493.646,4.84,28797442,32768
4,8,8,0.0003,33.1131,443.088,55.446,0.5567658451387825,4.0,0.5323756337165833,0.7573529411764706,0.8440944881889764,0.8736,467.029,58.379,28797442,32768
4,8,8,0.0001,33.025,444.269,55.594,0.5617628409192453,4.0,0.5318916440010071,0.7401960784313726,0.8312101910828026,0.8621,473.28,59.16,28797442,32768
4,8,8,5e-05,33.056,443.853,55.542,0.5780961030448963,4.0,0.5544030666351318,0.7058823529411765,0.8119122257053292,0.8608,473.987,59.248,28797442,32768
4,8,8,3e-05,32.9783,444.899,55.673,0.5914394569812517,4.0,0.5746967196464539,0.7034313725490197,0.815267175572519,0.8483,480.949,60.119,28797442,32768
4,8,16,0.0003,28.2788,518.835,32.533,0.5443158522896144,4.0,0.5162195563316345,0.7352941176470589,0.8296529968454258,0.8297,491.716,31.335,28797442,32768
4,8,16,0.0001,28.3724,517.123,32.426,0.5719438304071841,4.0,0.544471800327301,0.7205882352941176,0.8213166144200627,0.8207,497.116,31.679,28797442,32768
4,8,16,5e-05,28.2402,519.543,32.578,0.5882148742675781,4.0,0.565720796585083,0.7083333333333334,0.8172043010752689,0.8475,481.428,30.679,28797442,32768
4,8,16,3e-05,28.4898,514.991,32.292,0.6004280422044836,4.0,0.5840379595756531,0.7009803921568627,0.8145896656534954,0.9029,451.892,28.797,28797442,32768
4,8,32,0.0003,27.5958,531.675,16.669,0.5485567507536515,4.0,0.5066161751747131,0.7303921568627451,0.819672131147541,0.8022,508.572,16.205,28797442,32768
4,8,32,0.0001,27.5786,532.006,16.68,0.5793632175611413,4.0,0.5475723147392273,0.7083333333333334,0.8149300155520995,0.8079,504.996,16.091,28797442,32768
4,8,32,5e-05,27.5396,532.761,16.703,0.5985002600628396,4.0,0.5778796076774597,0.7009803921568627,0.8140243902439024,0.8145,500.891,15.96,28797442,32768
4,8,32,3e-05,27.6809,530.041,16.618,0.6128041143002717,4.0,0.5960963368415833,0.6985294117647058,0.8183161004431314,0.8509,479.484,15.278,28797442,32768
4,8,64,0.0003,27.6803,530.051,8.381,0.5628385872676455,4.0,0.5307499170303345,0.7450980392156863,0.8289473684210527,0.802,508.698,8.728,28797442,32768
4,8,64,0.0001,27.8967,525.94,8.316,0.5890382569411705,4.0,0.5677538514137268,0.7034313725490197,0.8129829984544049,0.8067,505.743,8.677,28797442,32768
4,8,64,5e-05,27.5836,531.91,8.411,0.6070768422093885,4.0,0.5913301706314087,0.696078431372549,0.8149253731343283,0.8136,501.497,8.604,28797442,32768
4,8,64,3e-05,27.7971,527.824,8.346,0.6212108875143116,4.0,0.6089398264884949,0.6838235294117647,0.8122270742358079,0.8452,482.741,8.282,28797442,32768
4,8,128,0.0003,27.7891,527.977,4.174,0.5844720643142174,4.0,0.550926685333252,0.6985294117647058,0.8098918083462133,0.9602,424.928,4.166,28797442,32768
4,8,128,0.0001,27.6989,529.697,4.188,0.6037176724137931,4.0,0.584283709526062,0.7009803921568627,0.8157099697885196,0.8438,483.553,4.741,28797442,32768
4,8,128,5e-05,27.9922,524.145,4.144,0.6220390056741649,4.0,0.606515109539032,0.6838235294117647,0.8122270742358079,1.0329,395.017,3.873,28797442,32768
4,8,128,3e-05,27.6636,530.372,4.193,0.6330559829185749,4.0,0.6201421022415161,0.6838235294117647,0.8122270742358079,0.9951,410.023,4.02,28797442,32768
4,16,8,0.0003,33.15,442.594,55.385,0.5990432290469899,4.0,0.6079859733581543,0.6911764705882353,0.797427652733119,0.8386,486.531,60.816,28797442,32768
4,16,8,0.0001,33.1277,442.892,55.422,0.5569595885432623,4.0,0.5358303785324097,0.7401960784313726,0.8322784810126582,0.8471,481.645,60.206,28797442,32768
4,16,8,5e-05,33.2221,441.634,55.264,0.5621148817939177,4.0,0.5326602458953857,0.7377450980392157,0.8298887122416534,0.927,440.152,55.019,28797442,32768
4,16,8,3e-05,33.2311,441.514,55.249,0.5736375447192223,4.0,0.5477098822593689,0.7205882352941176,0.8207547169811321,0.978,417.166,52.146,28797442,32768
4,16,16,0.0003,28.2737,518.927,32.539,0.5823494786801545,4.0,0.5755627751350403,0.696078431372549,0.8031746031746032,0.8133,501.665,31.969,28797442,32768
4,16,16,0.0001,28.2813,518.788,32.53,0.5537736643915591,4.0,0.5207282304763794,0.7450980392156863,0.834920634920635,0.8313,490.784,31.275,28797442,32768
4,16,16,5e-05,28.3609,517.333,32.439,0.572243765126104,4.0,0.5449066758155823,0.7181372549019608,0.8200312989045383,0.815,500.627,31.903,28797442,32768
4,16,16,3e-05,28.244,519.472,32.573,0.5841567661451257,4.0,0.5598559379577637,0.7107843137254902,0.8167701863354038,0.8222,496.204,31.621,28797442,32768
4,16,32,0.0003,27.4555,534.392,16.754,0.5534381700598675,4.0,0.5175151228904724,0.7450980392156863,0.8327974276527331,0.8156,500.26,15.94,28797442,32768
4,16,32,0.0001,27.5099,533.334,16.721,0.5610896898352582,4.0,0.5239270925521851,0.7401960784313726,0.8290322580645161,0.8119,502.499,16.011,28797442,32768
4,16,32,5e-05,27.43,534.889,16.77,0.5795788308848505,4.0,0.5477994084358215,0.7058823529411765,0.8136645962732919,0.8378,487.002,15.517,28797442,32768
4,16,32,3e-05,27.5298,532.95,16.709,0.5935816225798234,4.0,0.5694769024848938,0.7009803921568627,0.8128834355828221,0.8329,489.872,15.609,28797442,32768
4,16,64,0.0003,27.5831,531.919,8.411,0.5570409051303206,4.0,0.5244977474212646,0.75,0.8338762214983714,0.8133,501.661,8.607,28797442,32768
4,16,64,0.0001,27.5172,533.194,8.431,0.5732989475644868,4.0,0.5391459465026855,0.7377450980392157,0.8288,0.8211,496.92,8.526,28797442,32768
4,16,64,5e-05,27.5822,531.938,8.411,0.5892107733364763,4.0,0.5680226683616638,0.7009803921568627,0.8117283950617284,0.8168,499.494,8.57,28797442,32768
4,16,64,3e-05,27.6701,530.247,8.384,0.6022657197097252,4.0,0.5861194133758545,0.6985294117647058,0.8133535660091047,0.923,442.031,7.584,28797442,32768
4,16,128,0.0003,27.733,529.045,4.183,0.5689564408927128,4.0,0.5258291363716125,0.7156862745098039,0.8181818181818182,0.8374,487.211,4.777,28797442,32768
4,16,128,0.0001,27.729,529.122,4.183,0.590216406460466,4.0,0.5630901455879211,0.7058823529411765,0.8153846153846154,0.8196,497.793,4.88,28797442,32768
4,16,128,5e-05,27.7174,529.342,4.185,0.603842176240066,4.0,0.5844354033470154,0.6985294117647058,0.8144796380090498,0.8303,491.4,4.818,28797442,32768
4,16,128,3e-05,27.6441,530.746,4.196,0.6172958900188578,4.0,0.6002024412155151,0.6838235294117647,0.8116788321167884,0.8468,481.803,4.724,28797442,32768
8,1,8,0.0003,33.0834,443.485,55.496,0.5860422005580661,4.0,0.5604483485221863,0.7181372549019608,0.8254931714719271,0.8606,474.114,59.264,28830210,65536
8,1,8,0.0001,33.0383,444.091,55.572,0.6182349543685747,4.0,0.6010509133338928,0.6887254901960784,0.8145985401459854,0.8423,484.403,60.55,28830210,65536
8,1,8,5e-05,32.9058,445.879,55.796,0.6343051686006433,4.0,0.6207419633865356,0.6838235294117647,0.8122270742358079,0.8741,466.786,58.348,28830210,65536
8,1,8,3e-05,33.063,443.759,55.53,0.6417249708653535,4.0,0.6283406019210815,0.6838235294117647,0.8122270742358079,1.0086,404.517,50.565,28830210,65536
8,1,16,0.0003,28.7217,510.833,32.031,0.5989838641622792,4.0,0.5767437815666199,0.7132352941176471,0.8224582701062215,0.8412,485.015,30.908,28830210,65536
8,1,16,0.0001,28.9069,507.561,31.826,0.6286170959472657,4.0,0.613979697227478,0.6838235294117647,0.8122270742358079,0.8411,485.101,30.913,28830210,65536
8,1,16,5e-05,28.5163,514.513,32.262,0.6401198013969089,4.0,0.6268860101699829,0.6838235294117647,0.8122270742358079,0.835,488.634,31.138,28830210,65536
8,1,16,3e-05,28.3394,517.724,32.464,0.6466848622197691,4.0,0.6337748765945435,0.6838235294117647,0.8122270742358079,0.8235,495.44,31.572,28830210,65536
8,1,32,0.0003,27.5783,532.012,16.68,0.6118128900942595,4.0,0.5903261303901672,0.7034313725490197,0.8202080237741456,0.8169,499.425,15.913,28830210,65536
8,1,32,0.0001,27.4727,534.057,16.744,0.6377345209536345,4.0,0.6226912140846252,0.6838235294117647,0.8122270742358079,0.8299,491.61,15.664,28830210,65536
8,1,32,5e-05,27.4878,533.764,16.735,0.6471478669539742,4.0,0.6325769424438477,0.6838235294117647,0.8122270742358079,0.844,483.396,15.402,28830210,65536
8,1,32,3e-05,27.4425,534.645,16.762,0.6539278113323709,4.0,0.6402929425239563,0.6838235294117647,0.8122270742358079,0.8082,504.82,16.085,28830210,65536
8,1,64,0.0003,27.6309,531.0,8.396,0.6205689660434065,4.0,0.6045545935630798,0.6862745098039216,0.8134110787172012,0.8099,503.747,8.643,28830210,65536
8,1,64,0.0001,27.5162,533.213,8.431,0.6421522600897427,4.0,0.6290299892425537,0.6838235294117647,0.8122270742358079,0.9391,434.453,7.454,28830210,65536
8,1,64,5e-05,27.5954,531.683,8.407,0.651681110776704,4.0,0.6394647359848022,0.6838235294117647,0.8122270742358079,0.8157,500.167,8.581,28830210,65536
8,1,64,3e-05,27.5658,532.254,8.416,0.6583368367162244,4.0,0.6481314301490784,0.6838235294117647,0.8122270742358079,0.8712,468.322,8.035,28830210,65536
8,1,128,0.0003,27.7659,528.418,4.178,0.6343712642275053,4.0,0.6187633275985718,0.6838235294117647,0.8122270742358079,0.8131,501.767,4.919,28830210,65536
8,1,128,0.0001,27.68,530.058,4.191,0.6506925122491245,4.0,0.6364338994026184,0.6838235294117647,0.8122270742358079,0.8497,480.156,4.707,28830210,65536
8,1,128,5e-05,27.6362,530.897,4.197,0.6600783775592672,4.0,0.6484272480010986,0.6838235294117647,0.8122270742358079,0.8097,503.9,4.94,28830210,65536
8,1,128,3e-05,27.6533,530.57,4.195,0.6654916960617592,4.0,0.656132698059082,0.678921568627451,0.808199121522694,0.8174,499.138,4.894,28830210,65536
8,2,8,0.0003,32.9475,445.315,55.725,0.5665008860735592,4.0,0.5356521606445312,0.7230392156862745,0.8269525267993875,0.85,479.976,59.997,28830210,65536
8,2,8,0.0001,33.0632,443.756,55.53,0.600682983730873,4.0,0.5830905437469482,0.7034313725490197,0.8191330343796711,0.8618,473.425,59.178,28830210,65536
8,2,8,5e-05,32.9351,445.482,55.746,0.619753536315785,4.0,0.6044604182243347,0.6838235294117647,0.8122270742358079,0.8549,477.231,59.654,28830210,65536
8,2,8,3e-05,33.3054,440.529,55.126,0.631823537656165,4.0,0.6183722019195557,0.6838235294117647,0.8122270742358079,0.8384,486.658,60.832,28830210,65536
8,2,16,0.0003,28.322,518.043,32.484,0.5808981356413468,4.0,0.5516701936721802,0.7303921568627451,0.8312883435582822,0.8451,482.802,30.767,28830210,65536
8,2,16,0.0001,28.4593,515.544,32.327,0.6113924606986668,4.0,0.5922064781188965,0.696078431372549,0.8171091445427728,0.8125,502.173,32.001,28830210,65536
8,2,16,5e-05,28.4152,516.343,32.377,0.629569443412449,4.0,0.6152181029319763,0.6838235294117647,0.8122270742358079,0.8563,476.461,30.363,28830210,65536
8,2,16,3e-05,28.2365,519.612,32.582,0.6381498585576596,4.0,0.6248893141746521,0.6838235294117647,0.8122270742358079,0.8235,495.416,31.571,28830210,65536
8,2,32,0.0003,27.6536,530.563,16.634,0.5945106838060462,4.0,0.569750189781189,0.7083333333333334,0.8205128205128205,0.8292,492.064,15.678,28830210,65536
8,2,32,0.0001,27.5348,532.853,16.706,0.624435623832371,4.0,0.6071528792381287,0.6838235294117647,0.8122270742358079,0.8291,492.105,15.68,28830210,65536
8,2,32,5e-05,27.4844,533.83,16.737,0.6383410909901495,4.0,0.623524010181427,0.6838235294117647,0.8122270742358079,0.8551,477.122,15.202,28830210,65536
8,2,32,3e-05,27.4312,534.865,16.769,0.6452183599057405,4.0,0.6307279467582703,0.6838235294117647,0.8122270742358079,0.8308,491.111,15.648,28830210,65536
8,2,64,0.0003,27.4908,533.707,8.439,0.6024974296832907,4.0,0.582485556602478,0.7083333333333334,0.8205128205128205,0.8101,503.612,8.64,28830210,65536
8,2,64,0.0001,27.5838,531.906,8.411,0.6314508503880994,4.0,0.6181489825248718,0.6838235294117647,0.8122270742358079,0.8196,497.822,8.541,28830210,65536
8,2,64,5e-05,27.6272,531.072,8.398,0.6425698378990436,4.0,0.629624605178833,0.6838235294117647,0.8122270742358079,0.8298,491.698,8.436,28830210,65536
8,2,64,3e-05,27.5369,532.812,8.425,0.6494822666562837,4.0,0.6370022296905518,0.6838235294117647,0.8122270742358079,0.803,508.082,8.717,28830210,65536
8,2,128,0.0003,27.7369,528.971,4.182,0.6181449890136719,4.0,0.5970810651779175,0.696078431372549,0.8181818181818182,0.8302,491.454,4.818,28830210,65536
8,2,128,0.0001,27.6871,529.922,4.19,0.6414333211964575,4.0,0.6267299652099609,0.6838235294117647,0.8122270742358079,0.8421,484.479,4.75,28830210,65536
8,2,128,5e-05,27.6588,530.464,4.194,0.6509590148925781,4.0,0.6368864178657532,0.6838235294117647,0.8122270742358079,0.8285,492.453,4.828,28830210,65536
8,2,128,3e-05,27.7036,529.606,4.187,0.6579364908152613,4.0,0.6456002593040466,0.6838235294117647,0.8122270742358079,0.8243,494.96,4.853,28830210,65536
8,4,8,0.0003,32.9911,444.726,55.651,0.5420623313887187,4.0,0.5034487843513489,0.7622549019607843,0.8462757527733756,1.0243,398.318,49.79,28830210,65536
8,4,8,0.0001,32.9429,445.377,55.733,0.5835885856146387,4.0,0.5595419406890869,0.7181372549019608,0.8254931714719271,0.8706,468.63,58.579,28830210,65536
8,4,8,5e-05,32.9287,445.569,55.757,0.602425793417139,4.0,0.5854973196983337,0.7083333333333334,0.8226527570789866,0.8665,470.841,58.855,28830210,65536
8,4,8,3e-05,33.0181,444.362,55.606,0.616328694461997,4.0,0.6011152863502502,0.6887254901960784,0.8145985401459854,0.8782,464.579,58.072,28830210,65536
8,4,16,0.0003,28.2989,518.465,32.51,0.5576697308084239,4.0,0.5199310183525085,0.7401960784313726,0.8348909657320872,0.8213,496.792,31.658,28830210,65536
8,4,16,0.0001,28.3429,517.661,32.46,0.5958347818125849,4.0,0.5737478137016296,0.7156862745098039,0.8237082066869301,0.8405,485.449,30.935,28830210,65536
8,4,16,5e-05,28.2329,519.677,32.586,0.6132113912831182,4.0,0.5953221917152405,0.6985294117647058,0.8188512518409425,0.8255,494.25,31.496,28830210,65536
8,4,16,3e-05,28.4969,514.863,32.284,0.626495361328125,4.0,0.6117333173751831,0.6838235294117647,0.8122270742358079,0.8367,487.606,31.073,28830210,65536
8,4,32,0.0003,27.4328,534.834,16.768,0.5762962673021399,4.0,0.5450502038002014,0.7107843137254902,0.8184615384615385,0.8134,501.584,15.982,28830210,65536
8,4,32,0.0001,27.5242,533.058,16.713,0.6063775767450748,4.0,0.5845990180969238,0.7034313725490197,0.8191330343796711,1.0152,401.896,12.806,28830210,65536
8,4,32,5e-05,27.4176,535.13,16.778,0.6250720480213995,4.0,0.6082211136817932,0.6838235294117647,0.8122270742358079,0.8007,509.527,16.235,28830210,65536
8,4,32,3e-05,27.4343,534.806,16.767,0.6356992638629416,4.0,0.6205365061759949,0.6838235294117647,0.8122270742358079,0.8066,505.8,16.116,28830210,65536
8,4,64,0.0003,27.5052,533.426,8.435,0.5848963507290544,4.0,0.5608481764793396,0.7156862745098039,0.8220858895705522,0.8205,497.285,8.532,28830210,65536
8,4,64,0.0001,27.6105,531.393,8.403,0.6142447241421404,4.0,0.5958816409111023,0.696078431372549,0.8176470588235294,0.8313,490.799,8.421,28830210,65536
8,4,64,5e-05,27.566,532.25,8.416,0.6318373186834927,4.0,0.6186547875404358,0.6838235294117647,0.8122270742358079,0.8079,505.009,8.664,28830210,65536
8,4,64,3e-05,27.6108,531.387,8.403,0.6402428725670124,4.0,0.6273639798164368,0.6838235294117647,0.8122270742358079,0.8181,498.705,8.556,28830210,65536
8,4,128,0.0003,27.7036,529.606,4.187,0.5995461694125471,4.0,0.574202835559845,0.7083333333333334,0.8205128205128205,0.8637,472.413,4.632,28830210,65536
8,4,128,0.0001,27.6765,530.124,4.191,0.6293736161856816,4.0,0.613180935382843,0.6838235294117647,0.8122270742358079,0.8119,502.52,4.927,28830210,65536
8,4,128,5e-05,27.8687,526.469,4.162,0.6416353686102505,4.0,0.6270333528518677,0.6838235294117647,0.8122270742358079,0.8373,487.287,4.777,28830210,65536
8,4,128,3e-05,27.7153,529.383,4.185,0.6485790384226832,4.0,0.6342975497245789,0.6838235294117647,0.8122270742358079,0.8962,455.256,4.463,28830210,65536
8,8,8,0.0003,32.9172,445.725,55.776,0.5306109592545786,4.0,0.5225330591201782,0.7549019607843137,0.8407643312101911,0.8697,469.143,58.643,28830210,65536
8,8,8,0.0001,32.9912,444.724,55.651,0.558773979901748,4.0,0.5261159539222717,0.7401960784313726,0.8374233128834356,0.8801,463.604,57.951,28830210,65536
8,8,8,5e-05,33.1555,442.521,55.375,0.5842437744140625,4.0,0.5603858828544617,0.7181372549019608,0.8254931714719271,0.884,461.551,57.694,28830210,65536
8,8,8,3e-05,33.459,438.507,54.873,0.5982192378158403,4.0,0.580086886882782,0.7034313725490197,0.8191330343796711,0.8536,477.995,59.749,28830210,65536
8,8,16,0.0003,28.3828,516.933,32.414,0.5382709834886634,4.0,0.49257442355155945,0.7598039215686274,0.8419354838709677,0.8225,496.058,31.612,28830210,65536
8,8,16,0.0001,28.314,518.189,32.493,0.5750716831373132,4.0,0.5447438359260559,0.7328431372549019,0.8320493066255779,0.8464,482.056,30.719,28830210,65536
8,8,16,5e-05,28.3835,516.921,32.413,0.5964844579282014,4.0,0.5744534134864807,0.7156862745098039,0.8237082066869301,0.8209,497.035,31.674,28830210,65536
8,8,16,3e-05,28.2803,518.806,32.531,0.6090493575386379,4.0,0.5905633568763733,0.7009803921568627,0.8184523809523809,0.8639,472.296,30.097,28830210,65536
8,8,32,0.0003,27.4516,534.467,16.757,0.5586028389308764,4.0,0.526598334312439,0.7230392156862745,0.820919175911252,0.8354,488.385,15.561,28830210,65536
8,8,32,0.0001,27.5218,533.104,16.714,0.5902016017747962,4.0,0.5651862025260925,0.7132352941176471,0.8229954614220878,0.8102,503.607,16.046,28830210,65536
8,8,32,5e-05,27.4811,533.895,16.739,0.6077397222104279,4.0,0.5864675045013428,0.7034313725490197,0.819672131147541,0.8464,482.024,15.359,28830210,65536
8,8,32,3e-05,27.4748,534.017,16.743,0.6212497213612432,4.0,0.6036790013313293,0.6862745098039216,0.8134110787172012,0.811,503.062,16.029,28830210,65536
8,8,64,0.0003,27.6397,530.83,8.394,0.5645429676976698,4.0,0.5365335941314697,0.7205882352941176,0.8229813664596274,0.8157,500.184,8.582,28830210,65536
8,8,64,0.0001,27.5928,531.732,8.408,0.596652787307213,4.0,0.5760447382926941,0.7083333333333334,0.8205128205128205,0.8447,483.03,8.287,28830210,65536
8,8,64,5e-05,27.6661,530.325,8.386,0.614791804346545,4.0,0.5968763828277588,0.6985294117647058,0.8193832599118943,0.9944,410.283,7.039,28830210,65536
8,8,64,3e-05,27.7123,529.44,8.372,0.6280373540417902,4.0,0.6143617630004883,0.6838235294117647,0.8122270742358079,0.8144,500.961,8.595,28830210,65536
8,8,128,0.0003,27.651,530.614,4.195,0.5838965711922481,4.0,0.553217887878418,0.7132352941176471,0.821917808219178,0.8225,496.065,4.863,28830210,65536
8,8,128,0.0001,27.7506,528.709,4.18,0.6102599439949825,4.0,0.5872052311897278,0.7107843137254902,0.8244047619047619,0.8198,497.693,4.879,28830210,65536
8,8,128,5e-05,27.6539,530.558,4.195,0.6288950032201307,4.0,0.6126794815063477,0.6838235294117647,0.8122270742358079,0.8422,484.434,4.749,28830210,65536
8,8,128,3e-05,27.7575,528.577,4.179,0.6385565132930361,4.0,0.623566746711731,0.6838235294117647,0.8122270742358079,0.8426,484.208,4.747,28830210,65536
8,16,8,0.0003,32.9742,444.953,55.68,0.5585860873619196,4.0,0.5692595839500427,0.7303921568627451,0.8286604361370716,0.8829,462.095,57.762,28830210,65536
8,16,8,0.0001,33.0645,443.739,55.528,0.5353673465371391,4.0,0.4999609887599945,0.7696078431372549,0.8488745980707395,0.8587,475.12,59.39,28830210,65536
8,16,8,5e-05,32.9728,444.973,55.682,0.5592305717385153,4.0,0.5263895392417908,0.7401960784313726,0.8374233128834356,0.8934,456.679,57.085,28830210,65536
8,16,8,3e-05,33.0347,444.139,55.578,0.5786931073224103,4.0,0.5518648624420166,0.7230392156862745,0.8280060882800608,0.8532,478.218,59.777,28830210,65536
8,16,16,0.0003,28.3154,518.164,32.491,0.5472377113673998,4.0,0.5493595600128174,0.7524509803921569,0.8404423380726699,0.8234,495.489,31.575,28830210,65536
8,16,16,0.0001,28.285,518.721,32.526,0.5501618260922639,4.0,0.5104299783706665,0.7549019607843137,0.8417721518987342,0.8299,491.627,31.329,28830210,65536
8,16,16,5e-05,28.4924,514.944,32.289,0.5755788554315981,4.0,0.5455424189567566,0.7352941176470589,0.8338461538461538,1.0292,396.44,25.263,28830210,65536
8,16,16,3e-05,28.5997,513.012,32.168,0.5919995515242867,4.0,0.5677337050437927,0.7181372549019608,0.8249619482496194,0.8317,490.556,31.261,28830210,65536
8,16,32,0.0003,27.6364,530.895,16.645,0.5425599471382473,4.0,0.5529992580413818,0.7254901960784313,0.8210862619808307,0.8174,499.158,15.905,28830210,65536
8,16,32,0.0001,27.7856,528.043,16.555,0.5703386389690897,4.0,0.5366851091384888,0.7303921568627451,0.8291925465838509,1.0903,374.206,11.923,28830210,65536
8,16,32,5e-05,27.6393,530.838,16.643,0.5904951012652854,4.0,0.5655336976051331,0.7132352941176471,0.8229954614220878,0.8252,494.438,15.754,28830210,65536
8,16,32,3e-05,27.6043,531.511,16.664,0.6032805069633153,4.0,0.5811682343482971,0.7083333333333334,0.8215892053973014,0.8576,475.727,15.158,28830210,65536
8,16,64,0.0003,27.8917,526.034,8.318,0.5413591450658338,4.0,0.5208606123924255,0.7573529411764706,0.839546191247974,0.8073,505.39,8.671,28830210,65536
8,16,64,0.0001,27.6989,529.697,8.376,0.5782635787437702,4.0,0.5527356266975403,0.7107843137254902,0.8184615384615385,0.8341,489.155,8.392,28830210,65536
8,16,64,5e-05,27.7833,528.087,8.35,0.5968811429780105,4.0,0.5763009786605835,0.7083333333333334,0.8205128205128205,0.8825,462.349,7.932,28830210,65536
8,16,64,3e-05,27.6295,531.027,8.397,0.6100757204253098,4.0,0.5912259221076965,0.7034313725490197,0.8202080237741456,0.8198,497.7,8.539,28830210,65536
8,16,128,0.0003,27.8456,526.906,4.166,0.5688782395987675,4.0,0.5448443293571472,0.7279411764705882,0.8273716951788491,0.8188,498.26,4.885,28830210,65536
8,16,128,0.0001,28.8186,509.117,4.025,0.5926551161141231,4.0,0.5656177997589111,0.7132352941176471,0.8235294117647058,0.8117,502.666,4.928,28830210,65536
8,16,128,5e-05,27.7125,529.436,4.186,0.6104398267022495,4.0,0.5876303911209106,0.7107843137254902,0.8249258160237388,0.8292,492.011,4.824,28830210,65536
8,16,128,3e-05,27.7225,529.245,4.184,0.6243955020246834,4.0,0.607001781463623,0.6838235294117647,0.8122270742358079,0.8319,490.421,4.808,28830210,65536
16,1,8,0.0003,33.1072,443.167,55.456,0.5895544397025846,4.0,0.5650225281715393,0.7009803921568627,0.8151515151515152,0.8777,464.877,58.11,28895746,131072
16,1,8,0.0001,33.0916,443.375,55.482,0.6228721469056373,4.0,0.6085217595100403,0.6838235294117647,0.8122270742358079,1.0123,403.061,50.383,28895746,131072
16,1,8,5e-05,33.2839,440.814,55.162,0.6365414704632395,4.0,0.623892605304718,0.6838235294117647,0.8122270742358079,0.8629,472.832,59.104,28895746,131072
16,1,8,3e-05,33.1111,443.114,55.45,0.643537026864511,4.0,0.6308189034461975,0.6838235294117647,0.8122270742358079,0.8492,480.479,60.06,28895746,131072
16,1,16,0.0003,28.4101,516.436,32.383,0.6024000084918478,4.0,0.5813135504722595,0.7034313725490197,0.8169440242057489,0.8289,492.218,31.367,28895746,131072
16,1,16,0.0001,28.3682,517.2,32.431,0.6317169852878737,4.0,0.618528425693512,0.6838235294117647,0.8122270742358079,0.8239,495.205,31.557,28895746,131072
16,1,16,5e-05,28.4603,515.526,32.326,0.641952315620754,4.0,0.6294789910316467,0.6838235294117647,0.8122270742358079,0.8309,491.021,31.291,28895746,131072
16,1,16,3e-05,28.2974,518.492,32.512,0.6488020192021909,4.0,0.6366849541664124,0.6838235294117647,0.8122270742358079,0.8315,490.697,31.27,28895746,131072
16,1,32,0.0003,27.2959,537.517,16.852,0.6164586606233017,4.0,0.598406970500946,0.6985294117647058,0.8177777777777778,0.9722,419.661,13.372,28895746,131072
16,1,32,0.0001,27.3125,537.19,16.842,0.6398420914359715,4.0,0.6257413029670715,0.6838235294117647,0.8122270742358079,0.798,511.265,16.29,28895746,131072
16,1,32,5e-05,27.5547,532.468,16.694,0.649324367357337,4.0,0.6353988647460938,0.6838235294117647,0.8122270742358079,0.7955,512.899,16.342,28895746,131072
16,1,32,3e-05,27.3648,536.163,16.81,0.656426073157269,4.0,0.6438041925430298,0.6838235294117647,0.8122270742358079,0.8135,501.562,15.981,28895746,131072
16,1,64,0.0003,27.3102,537.236,8.495,0.6246900887324892,4.0,0.6116098761558533,0.6838235294117647,0.8122270742358079,0.8248,494.676,8.487,28895746,131072
16,1,64,0.0001,27.4523,534.453,8.451,0.6440218563737541,4.0,0.6315838694572449,0.6838235294117647,0.8122270742358079,0.8164,499.732,8.574,28895746,131072
16,1,64,5e-05,27.3213,537.016,8.492,0.6540516820447199,4.0,0.642916202545166,0.6838235294117647,0.8122270742358079,0.8186,498.39,8.551,28895746,131072
16,1,64,3e-05,27.5483,532.592,8.422,0.6605417975063982,4.0,0.6515505909919739,0.6838235294117647,0.8122270742358079,0.8091,504.294,8.652,28895746,131072
16,1,128,0.0003,27.4724,534.064,4.222,0.6369096821752088,4.0,0.622554361820221,0.6838235294117647,0.8122270742358079,0.8154,500.388,4.906,28895746,131072
16,1,128,0.0001,27.4248,534.991,4.23,0.6531389170679552,4.0,0.6396912932395935,0.6838235294117647,0.8122270742358079,0.8138,501.328,4.915,28895746,131072
16,1,128,5e-05,27.4864,533.792,4.22,0.6623502270928745,4.0,0.6518336534500122,0.6813725490196079,0.8104956268221575,0.8245,494.82,4.851,28895746,131072
16,1,128,3e-05,27.4929,533.665,4.219,0.6672058763175175,4.0,0.6588072180747986,0.6764705882352942,0.8053097345132744,0.8651,471.624,4.624,28895746,131072
16,2,8,0.0003,33.2,441.928,55.301,0.5655452171442036,4.0,0.5255405306816101,0.7352941176470589,0.8328173374613003,0.8595,474.683,59.335,28895746,131072
16,2,8,0.0001,33.0424,444.036,55.565,0.6047369597524339,4.0,0.5874936580657959,0.7083333333333334,0.8221225710014948,0.8604,474.226,59.278,28895746,131072
16,2,8,5e-05,33.0516,443.911,55.549,0.6248827001368038,4.0,0.6114932298660278,0.6838235294117647,0.8122270742358079,0.8623,473.165,59.146,28895746,131072
16,2,8,3e-05,33.27,440.998,55.185,0.6347743264989916,4.0,0.6224311590194702,0.6838235294117647,0.8122270742358079,0.8581,475.478,59.435,28895746,131072
16,2,16,0.0003,31.55,465.04,29.16,0.5812558879023013,4.0,0.5494937300682068,0.7181372549019608,0.8233486943164362,2.151,189.682,12.088,28895746,131072
16,2,16,0.0001,28.1413,521.369,32.692,0.616905461186948,4.0,0.6007444858551025,0.6911764705882353,0.8141592920353983,0.8139,501.292,31.945,28895746,131072
16,2,16,5e-05,28.0562,522.95,32.791,0.6328719761060632,4.0,0.620259702205658,0.6838235294117647,0.8122270742358079,0.8309,491.036,31.291,28895746,131072
16,2,16,3e-05,28.1104,521.942,32.728,0.640276867410411,4.0,0.6281147599220276,0.6838235294117647,0.8122270742358079,0.9122,447.268,28.502,28895746,131072
16,2,32,0.0003,27.3342,536.763,16.829,0.5972467173700747,4.0,0.5720319747924805,0.6985294117647058,0.8139183055975794,0.8037,507.654,16.175,28895746,131072
16,2,32,0.0001,27.2297,538.824,16.893,0.6290861046832541,4.0,0.6143995523452759,0.6838235294117647,0.8122270742358079,0.8245,494.825,15.766,28895746,131072
16,2,32,5e-05,27.2646,538.133,16.872,0.6405697366465692,4.0,0.6268185377120972,0.6838235294117647,0.8122270742358079,0.8057,506.401,16.135,28895746,131072
16,2,32,3e-05,27.322,537.003,16.836,0.6473655368970788,4.0,0.633592426776886,0.6838235294117647,0.8122270742358079,0.796,512.54,16.331,28895746,131072
16,2,64,0.0003,27.378,535.906,8.474,0.6071215004756533,4.0,0.5907875299453735,0.7009803921568627,0.8168168168168168,0.827,493.377,8.465,28895746,131072
16,2,64,0.0001,27.3,537.435,8.498,0.6342215044745083,4.0,0.6223188042640686,0.6838235294117647,0.8122270742358079,0.8046,507.056,8.699,28895746,131072
16,2,64,5e-05,27.3504,536.445,8.482,0.6445455222294248,4.0,0.6324028968811035,0.6838235294117647,0.8122270742358079,0.8162,499.875,8.576,28895746,131072
16,2,64,3e-05,27.3558,536.34,8.481,0.6518321859425512,4.0,0.6403805613517761,0.6838235294117647,0.8122270742358079,0.8198,497.687,8.539,28895746,131072
16,2,128,0.0003,27.5085,533.362,4.217,0.6235837607548155,4.0,0.6073876023292542,0.6838235294117647,0.8122270742358079,0.8296,491.778,4.821,28895746,131072
16,2,128,0.0001,27.4403,534.689,4.227,0.6434464290224272,4.0,0.6295163631439209,0.6838235294117647,0.8122270742358079,0.9791,416.723,4.086,28895746,131072
16,2,128,5e-05,27.46,534.304,4.224,0.6534552738584322,4.0,0.6402711868286133,0.6838235294117647,0.8122270742358079,1.0282,396.792,3.89,28895746,131072
16,2,128,3e-05,27.4177,535.128,4.231,0.6603646113954741,4.0,0.6491807699203491,0.6838235294117647,0.8122270742358079,0.8202,497.411,4.877,28895746,131072
16,4,8,0.0003,34.0213,431.259,53.966,0.5351820719268068,4.0,0.48360615968704224,0.7769607843137255,0.8525121555915721,0.848,481.104,60.138,28895746,131072
16,4,8,0.0001,32.9642,445.089,55.697,0.5869692384807113,4.0,0.5659485459327698,0.696078431372549,0.8126888217522659,0.885,460.997,57.625,28895746,131072
16,4,8,5e-05,32.9299,445.553,55.755,0.6071585196035879,4.0,0.5931851863861084,0.7083333333333334,0.8226527570789866,0.8808,463.224,57.903,28895746,131072
16,4,8,3e-05,33.0537,443.884,55.546,0.6214691444679543,4.0,0.6086087226867676,0.6838235294117647,0.8122270742358079,1.0498,388.649,48.581,28895746,131072
16,4,16,0.0003,28.4995,514.817,32.281,0.5546414250912873,4.0,0.5135651230812073,0.7475490196078431,0.835725677830941,0.9855,413.997,26.382,28895746,131072
16,4,16,0.0001,28.1682,520.871,32.661,0.5976066257642663,4.0,0.576201856136322,0.7034313725490197,0.8169440242057489,1.0275,397.069,25.303,28895746,131072
16,4,16,5e-05,28.9448,506.897,31.785,0.6180874865988026,4.0,0.6028322577476501,0.6911764705882353,0.8147058823529412,0.805,506.833,32.298,28895746,131072
16,4,16,3e-05,28.3966,516.681,32.398,0.6301901112432066,4.0,0.6173802614212036,0.6838235294117647,0.8122270742358079,0.8147,500.774,31.912,28895746,131072
16,4,32,0.0003,27.2791,537.847,16.863,0.5731636379076087,4.0,0.5363067388534546,0.7156862745098039,0.8193146417445483,0.8026,508.326,16.197,28895746,131072
16,4,32,0.0001,27.3904,535.663,16.794,0.611452052904212,4.0,0.5926682949066162,0.7058823529411765,0.8208955223880597,0.8342,489.064,15.583,28895746,131072
16,4,32,5e-05,27.2059,539.294,16.908,0.6298499729322351,4.0,0.6155701279640198,0.6838235294117647,0.8122270742358079,0.8668,470.708,14.998,28895746,131072
16,4,32,3e-05,27.4258,534.97,16.773,0.6384536743164062,4.0,0.624876081943512,0.6838235294117647,0.8122270742358079,0.7991,510.544,16.267,28895746,131072
16,4,64,0.0003,27.4215,535.054,8.461,0.5866800505539467,4.0,0.5620397925376892,0.7034313725490197,0.8158295281582952,0.8309,491.013,8.424,28895746,131072
16,4,64,0.0001,27.4801,533.914,8.442,0.6196831012594288,4.0,0.6067270636558533,0.6887254901960784,0.8135095447870778,0.816,499.974,8.578,28895746,131072
16,4,64,5e-05,27.3941,535.59,8.469,0.6346757823023302,4.0,0.6230021119117737,0.6838235294117647,0.8122270742358079,0.8486,480.792,8.249,28895746,131072
16,4,64,3e-05,27.3463,536.527,8.484,0.6422722915123249,4.0,0.6303461194038391,0.6838235294117647,0.8122270742358079,0.812,502.463,8.621,28895746,131072
16,4,128,0.0003,27.4958,533.61,4.219,0.6048120301345299,4.0,0.5813193917274475,0.7034313725490197,0.8185907046476761,0.8177,498.966,4.892,28895746,131072
16,4,128,0.0001,27.6586,530.468,4.194,0.6330559829185749,4.0,0.6189618706703186,0.6838235294117647,0.8122270742358079,0.8485,480.859,4.714,28895746,131072
16,4,128,5e-05,28.6103,512.823,4.054,0.6436930031612002,4.0,0.6299185156822205,0.6838235294117647,0.8122270742358079,0.8465,482.011,4.726,28895746,131072
16,4,128,3e-05,27.7187,529.317,4.185,0.6509750629293507,4.0,0.6374763250350952,0.6838235294117647,0.8122270742358079,0.8212,496.86,4.871,28895746,131072
16,8,8,0.0003,33.0266,444.248,55.592,0.5138565179828984,4.0,0.48422741889953613,0.7818627450980392,0.8538587848932676,0.8817,462.752,57.844,28895746,131072
16,8,8,0.0001,33.2778,440.895,55.172,0.561141178239145,4.0,0.5205445885658264,0.7401960784313726,0.8338557993730408,0.896,455.364,56.921,28895746,131072
16,8,8,5e-05,33.6392,436.158,54.579,0.5882178994305512,4.0,0.5684937238693237,0.696078431372549,0.8126888217522659,1.0382,392.995,49.124,28895746,131072
16,8,8,3e-05,33.3911,439.398,54.985,0.6029163684720308,4.0,0.5883483290672302,0.7083333333333334,0.8221225710014948,0.8691,469.47,58.684,28895746,131072
16,8,16,0.0003,28.3034,518.384,32.505,0.531407298212466,4.0,0.5024085640907288,0.7671568627450981,0.8470209339774557,0.8194,497.909,31.729,28895746,131072
16,8,16,0.0001,28.3611,517.329,32.439,0.5761996393618376,4.0,0.5435243844985962,0.7107843137254902,0.8184615384615385,0.8333,489.645,31.203,28895746,131072
16,8,16,5e-05,28.6178,512.688,32.148,0.5999920720639436,4.0,0.5805299282073975,0.7083333333333334,0.8205128205128205,0.8304,491.302,31.308,28895746,131072
16,8,16,3e-05,28.409,516.457,32.384,0.6143853063168733,4.0,0.5990919470787048,0.696078431372549,0.8165680473372781,0.8597,474.577,30.243,28895746,131072
16,8,32,0.0003,27.9249,525.409,16.473,0.5469534832498302,4.0,0.505899965763092,0.7450980392156863,0.8289473684210527,0.8047,506.998,16.154,28895746,131072
16,8,32,0.0001,27.5478,532.601,16.698,0.5915068253226902,4.0,0.5662494897842407,0.6985294117647058,0.8139183055975794,0.8217,496.518,15.82,28895746,131072
16,8,32,5e-05,27.595,531.69,16.67,0.6127373736837636,4.0,0.595519483089447,0.7009803921568627,0.8184523809523809,0.861,473.852,15.098,28895746,131072
16,8,32,3e-05,27.8158,527.47,16.537,0.6262898320737093,4.0,0.6117551922798157,0.6838235294117647,0.8122270742358079,0.8157,500.208,15.938,28895746,131072
16,8,64,0.0003,27.7993,527.783,8.346,0.5627027051202182,4.0,0.526009738445282,0.7303921568627451,0.8253968253968254,0.8137,501.384,8.602,28895746,131072
16,8,64,0.0001,27.6816,530.027,8.381,0.6006261891332166,4.0,0.583220362663269,0.696078431372549,0.8132530120481928,0.833,489.798,8.403,28895746,131072
16,8,64,5e-05,27.6895,529.877,8.379,0.6201427722799366,4.0,0.6074274182319641,0.6862745098039216,0.8123167155425219,0.8501,479.969,8.235,28895746,131072
16,8,64,3e-05,27.8537,526.752,8.329,0.6316172501136517,4.0,0.6199880242347717,0.6838235294117647,0.8122270742358079,0.8289,492.207,8.445,28895746,131072
16,8,128,0.0003,27.7817,528.118,4.175,0.5842656760380186,4.0,0.5470988154411316,0.7107843137254902,0.8195718654434251,0.8194,497.928,4.882,28895746,131072
16,8,128,0.0001,27.8351,527.104,4.167,0.6170802938527075,4.0,0.599001944065094,0.6911764705882353,0.8147058823529412,0.8581,475.496,4.662,28895746,131072
16,8,128,5e-05,27.8423,526.968,4.166,0.6332846674425848,4.0,0.6193445920944214,0.6838235294117647,0.8122270742358079,0.8173,499.183,4.894,28895746,131072
16,8,128,3e-05,27.7169,529.352,4.185,0.6412728408287311,4.0,0.627633810043335,0.6838235294117647,0.8122270742358079,0.8135,501.521,4.917,28895746,131072
16,16,8,0.0003,33.1066,443.174,55.457,0.5495108810125613,4.0,0.5561195611953735,0.7401960784313726,0.8290322580645161,0.8625,473.037,59.13,28895746,131072
16,16,8,0.0001,33.2218,441.638,55.265,0.5257035465282033,4.0,0.49001771211624146,0.7843137254901961,0.8571428571428571,0.8522,478.768,59.846,28895746,131072
16,16,8,5e-05,33.156,442.514,55.375,0.561984999247366,4.0,0.5222497582435608,0.7377450980392157,0.8330733229329174,0.8598,474.549,59.319,28895746,131072
16,16,8,3e-05,33.0815,443.511,55.499,0.5826431224548739,4.0,0.5600060224533081,0.7058823529411765,0.817629179331307,0.8582,475.406,59.426,28895746,131072
16,16,16,0.0003,28.3718,517.133,32.427,0.524278508061948,4.0,0.5194780826568604,0.7647058823529411,0.8456591639871383,0.819,498.189,31.747,28895746,131072
16,16,16,0.0001,28.4883,515.018,32.294,0.5477406874946926,4.0,0.5076423287391663,0.7549019607843137,0.8402555910543131,0.8523,478.691,30.505,28895746,131072
16,16,16,5e-05,28.416,516.329,32.376,0.5768494149912958,4.0,0.544782280921936,0.7107843137254902,0.8184615384615385,0.8138,501.365,31.95,28895746,131072
16,16,16,3e-05,28.3575,517.395,32.443,0.5949113597040591,4.0,0.5730213522911072,0.7058823529411765,0.8187311178247734,0.8378,486.993,31.034,28895746,131072
16,16,32,0.0003,27.5727,532.121,16.683,0.5288096884022588,4.0,0.5265164375305176,0.7450980392156863,0.8295081967213115,1.003,406.794,12.962,28895746,131072
16,16,32,0.0001,27.555,532.463,16.694,0.5666885375976562,4.0,0.5288782119750977,0.7303921568627451,0.8259493670886076,0.8179,498.814,15.894,28895746,131072
16,16,32,5e-05,27.7343,529.02,16.586,0.5923734581988791,4.0,0.5677441358566284,0.6985294117647058,0.8139183055975794,0.8384,486.664,15.506,28895746,131072
16,16,32,3e-05,27.7551,528.623,16.574,0.6081887286642323,4.0,0.5899601578712463,0.7058823529411765,0.8208955223880597,0.833,489.817,15.607,28895746,131072
16,16,64,0.0003,27.8172,527.444,8.34,0.5339439326319201,4.0,0.5081925392150879,0.7671568627450981,0.8450244698205547,0.8224,496.088,8.511,28895746,131072
16,16,64,0.0001,27.6384,530.856,8.394,0.5788079623518319,4.0,0.5516875386238098,0.7083333333333334,0.8166409861325116,0.8104,503.434,8.637,28895746,131072
16,16,64,5e-05,27.6513,530.608,8.39,0.6014043873754041,4.0,0.5849031805992126,0.696078431372549,0.8132530120481928,0.9992,408.319,7.005,28895746,131072
16,16,64,3e-05,28.6542,512.036,8.097,0.6155438258730132,4.0,0.6020693778991699,0.6936274509803921,0.8159057437407953,0.9534,427.933,7.342,28895746,131072
16,16,128,0.0003,27.9374,525.175,4.152,0.5635927792253166,4.0,0.5159473419189453,0.75,0.8365384615384616,0.8253,494.338,4.846,28895746,131072
16,16,128,0.0001,27.745,528.816,4.181,0.5967992585280846,4.0,0.5706053376197815,0.7083333333333334,0.8215892053973014,0.8748,466.383,4.572,28895746,131072
16,16,128,5e-05,27.7226,529.243,4.184,0.6166880377407732,4.0,0.5988748669624329,0.6936274509803921,0.8164464023494861,0.829,492.165,4.825,28895746,131072
16,16,128,3e-05,27.9283,525.345,4.153,0.6291966931573276,4.0,0.6147664189338684,0.6838235294117647,0.8122270742358079,0.8139,501.265,4.914,28895746,131072
