batch_size,learning_rate,rank,alpha,parameters,trainable_parameters,train_runtime,train_samples_per_second,train_steps_per_second,total_flos,train_loss,epoch,eval_loss,eval_accuracy,eval_f1,eval_runtime,eval_samples_per_second,eval_steps_per_second
8,0.0003,1,1,4387202,1024,24.9435,588.209,73.606,2616141208032.0,0.0014122390991770754,4.0,4.495665550231934,0.7083333333333334,0.8013355592654424,1.4783,275.99,34.499
8,0.0001,1,1,4387202,1024,24.882,589.664,73.788,2616141208032.0,0.0016132970228953558,4.0,4.470316410064697,0.7132352941176471,0.8040201005025126,1.4456,282.228,35.279
8,5e-05,1,1,4387202,1024,24.7928,591.784,74.054,2616141208032.0,0.001664507906875839,4.0,4.470517635345459,0.7107843137254902,0.802675585284281,1.5015,271.723,33.965
8,3e-05,1,1,4387202,1024,24.8842,589.61,73.782,2616141208032.0,0.0016857371432199458,4.0,4.471213340759277,0.7107843137254902,0.802675585284281,1.4636,278.755,34.844
16,0.0003,1,1,4387202,1024,16.3009,900.072,56.439,2767006989504.0,0.0029697648735473987,4.0,4.52134895324707,0.7083333333333334,0.8,1.4249,286.329,18.246
16,0.0001,1,1,4387202,1024,16.2272,904.16,56.695,2767006989504.0,0.0024246856003351832,4.0,4.477879047393799,0.7132352941176471,0.8040201005025126,1.4257,286.175,18.237
16,5e-05,1,1,4387202,1024,16.6352,881.986,55.304,2767006989504.0,0.0022784735764498298,4.0,4.477489948272705,0.7132352941176471,0.8040201005025126,1.3663,298.62,19.03
16,3e-05,1,1,4387202,1024,16.4682,890.93,55.865,2767006989504.0,0.0022078754785268204,4.0,4.476757526397705,0.7132352941176471,0.8040201005025126,1.3626,299.42,19.081
32,0.0003,1,1,4387202,1024,12.3287,1190.072,37.311,2912609085552.0,0.0013949145441469939,4.0,4.531662940979004,0.7107843137254902,0.802675585284281,1.32,309.092,9.849
32,0.0001,1,1,4387202,1024,12.4563,1177.876,36.929,2912609085552.0,0.0013458346543104751,4.0,4.491598129272461,0.7156862745098039,0.8060200668896321,1.3456,303.214,9.661
32,5e-05,1,1,4387202,1024,12.8774,1139.361,35.722,2912609085552.0,0.0013511635687040247,4.0,4.480574131011963,0.7181372549019608,0.8080133555926544,1.3216,308.713,9.836
32,3e-05,1,1,4387202,1024,13.0166,1127.176,35.339,2912609085552.0,0.0013530155886774479,4.0,4.477578639984131,0.7132352941176471,0.8040201005025126,1.3781,296.053,9.433
64,0.0003,1,1,4387202,1024,10.7778,1361.316,21.526,3043236046320.0,0.0008664517181700673,4.0,4.502739429473877,0.7181372549019608,0.8092868988391376,1.2896,316.369,5.428
64,0.0001,1,1,4387202,1024,10.4796,1400.051,22.138,3043236046320.0,0.0008834327474750321,4.0,4.481502056121826,0.7132352941176471,0.8040201005025126,1.3037,312.95,5.369
64,5e-05,1,1,4387202,1024,10.4512,1403.852,22.198,3043236046320.0,0.0008839211458789891,4.0,4.477888107299805,0.7132352941176471,0.8040201005025126,1.3015,313.481,5.378
64,3e-05,1,1,4387202,1024,10.4101,1409.405,22.286,3043236046320.0,0.0008833091063746091,4.0,4.476421356201172,0.7132352941176471,0.8040201005025126,1.2821,318.239,5.46
128,0.0003,1,1,4387202,1024,9.649,1520.572,12.022,3176350571088.0,0.0011657218224015728,4.0,4.485989570617676,0.7132352941176471,0.8040201005025126,1.2748,320.04,3.138
128,0.0001,1,1,4387202,1024,9.6668,1517.778,12.0,3176350571088.0,0.0010785676282027673,4.0,4.478012561798096,0.7132352941176471,0.8040201005025126,1.3029,313.137,3.07
128,5e-05,1,1,4387202,1024,9.7284,1508.162,11.924,3176350571088.0,0.0010547237791891757,4.0,4.476019382476807,0.7132352941176471,0.8040201005025126,1.3351,305.592,2.996
128,3e-05,1,1,4387202,1024,9.632,1523.256,12.043,3176350571088.0,0.0010436287085557807,4.0,4.4752349853515625,0.7132352941176471,0.8040201005025126,1.317,309.802,3.037
8,0.0003,1,2,4387202,1024,25.4976,575.427,72.007,2616141208032.0,0.0025497884337419,4.0,4.513453960418701,0.7083333333333334,0.8019966722129783,1.4626,278.959,34.87
8,0.0001,1,2,4387202,1024,24.8388,590.69,73.917,2616141208032.0,0.0015054211864544156,4.0,4.474157810211182,0.7132352941176471,0.8046744574290484,1.4605,279.357,34.92
8,5e-05,1,2,4387202,1024,24.6529,595.143,74.474,2616141208032.0,0.0016122832488520214,4.0,4.471712589263916,0.7132352941176471,0.8040201005025126,1.4233,286.655,35.832
8,3e-05,1,2,4387202,1024,25.2569,580.91,72.693,2616141208032.0,0.0016536211558416778,4.0,4.471292972564697,0.7132352941176471,0.8040201005025126,1.554,262.549,32.819
16,0.0003,1,2,4387202,1024,16.2477,903.02,56.623,2767006989504.0,0.00413965457321509,4.0,4.609431266784668,0.7107843137254902,0.802013422818792,1.3753,296.658,18.905
16,0.0001,1,2,4387202,1024,16.6144,883.087,55.373,2767006989504.0,0.0026884446325509443,4.0,4.490513324737549,0.7083333333333334,0.8,1.3836,294.872,18.791
16,5e-05,1,2,4387202,1024,16.4543,891.681,55.912,2767006989504.0,0.0024507434390809227,4.0,4.479524612426758,0.7132352941176471,0.8040201005025126,1.3902,293.474,18.702
16,3e-05,1,2,4387202,1024,16.0821,912.317,57.206,2767006989504.0,0.0023286046217317166,4.0,4.478919982910156,0.7132352941176471,0.8040201005025126,1.4013,291.16,18.554
32,0.0003,1,2,4387202,1024,13.1314,1117.32,35.03,2912609085552.0,0.0015647898549618928,4.0,4.55776309967041,0.7107843137254902,0.8039867109634552,1.3055,312.527,9.958
32,0.0001,1,2,4387202,1024,12.7845,1147.643,35.981,2912609085552.0,0.001365127252495807,4.0,4.518659591674805,0.7156862745098039,0.8060200668896321,1.3754,296.642,9.452
32,5e-05,1,2,4387202,1024,13.1811,1113.107,34.898,2912609085552.0,0.0013491024141726287,4.0,4.493136405944824,0.7156862745098039,0.8060200668896321,1.3124,310.884,9.906
32,3e-05,1,2,4387202,1024,12.5424,1169.797,36.676,2912609085552.0,0.0013517116722853288,4.0,4.483276844024658,0.7156862745098039,0.8060200668896321,1.3336,305.94,9.748
64,0.0003,1,2,4387202,1024,10.2887,1426.025,22.549,3043236046320.0,0.000926696791731078,4.0,4.539119720458984,0.7181372549019608,0.8092868988391376,1.2971,314.558,5.397
64,0.0001,1,2,4387202,1024,10.3601,1416.202,22.394,3043236046320.0,0.0008888209302877558,4.0,4.498735427856445,0.7205882352941176,0.81,1.3071,312.148,5.355
64,5e-05,1,2,4387202,1024,10.4073,1409.779,22.292,3043236046320.0,0.0008909562923784914,4.0,4.486000061035156,0.7132352941176471,0.8040201005025126,1.3335,305.966,5.249
64,3e-05,1,2,4387202,1024,10.5801,1386.759,21.928,3043236046320.0,0.0008892425946120558,4.0,4.481433391571045,0.7132352941176471,0.8040201005025126,1.3274,307.367,5.273
128,0.0003,1,2,4387202,1024,9.7684,1501.991,11.875,3176350571088.0,0.0013159649639294065,4.0,4.512113571166992,0.7107843137254902,0.802675585284281,1.2902,316.227,3.1
128,0.0001,1,2,4387202,1024,9.9169,1479.5,11.697,3176350571088.0,0.0011884459647639044,4.0,4.486754894256592,0.7107843137254902,0.802675585284281,1.2616,323.41,3.171
128,5e-05,1,2,4387202,1024,9.7335,1507.376,11.918,3176350571088.0,0.0011170162209149066,4.0,4.480515003204346,0.7132352941176471,0.8040201005025126,1.2903,316.199,3.1
128,3e-05,1,2,4387202,1024,9.6773,1516.129,11.987,3176350571088.0,0.0010811434737567243,4.0,4.4779558181762695,0.7132352941176471,0.8040201005025126,1.3196,309.193,3.031
8,0.0003,1,4,4387202,1024,24.6228,595.87,74.565,2616141208032.0,0.005280638182604754,4.0,4.538566589355469,0.7034313725490197,0.7973199329983249,1.4245,286.421,35.803
8,0.0001,1,4,4387202,1024,24.9091,589.021,73.708,2616141208032.0,0.002330143548434596,4.0,4.521620750427246,0.7034313725490197,0.7979966611018364,1.4895,273.919,34.24
8,5e-05,1,4,4387202,1024,24.8205,591.124,73.971,2616141208032.0,0.0014921991653691709,4.0,4.476834774017334,0.7132352941176471,0.8046744574290484,1.4586,279.72,34.965
8,3e-05,1,4,4387202,1024,24.7286,593.321,74.246,2616141208032.0,0.0015832254245130586,4.0,4.473828315734863,0.7156862745098039,0.8060200668896321,1.4784,275.979,34.497
16,0.0003,1,4,4387202,1024,16.5244,887.899,55.675,2767006989504.0,0.002814927836880088,4.0,4.780441761016846,0.7009803921568627,0.7932203389830509,1.3598,300.034,19.12
16,0.0001,1,4,4387202,1024,16.1414,908.965,56.996,2767006989504.0,0.0034199357214991163,4.0,4.550449371337891,0.7132352941176471,0.8033613445378152,1.3885,293.851,18.726
16,5e-05,1,4,4387202,1024,16.7944,873.627,54.78,2767006989504.0,0.002719302985655225,4.0,4.49152946472168,0.7083333333333334,0.8,1.3992,291.593,18.582
16,3e-05,1,4,4387202,1024,16.4942,889.525,55.777,2767006989504.0,0.0025327839524201725,4.0,4.481748580932617,0.7107843137254902,0.802675585284281,1.3717,297.432,18.954
32,0.0003,1,4,4387202,1024,12.6963,1155.615,36.231,2912609085552.0,0.002835746433423913,4.0,4.6049089431762695,0.7083333333333334,0.8006700167504187,1.4468,281.999,8.985
32,0.0001,1,4,4387202,1024,12.5291,1171.038,36.715,2912609085552.0,0.001366031817767931,4.0,4.545969486236572,0.7132352941176471,0.8053244592346089,1.3176,309.663,9.867
32,5e-05,1,4,4387202,1024,12.2464,1198.07,37.562,2912609085552.0,0.0013780621082886406,4.0,4.520038604736328,0.7156862745098039,0.8060200668896321,1.3223,308.544,9.831
32,3e-05,1,4,4387202,1024,11.9087,1232.039,38.627,2912609085552.0,0.0013553063506665437,4.0,4.499951362609863,0.7156862745098039,0.8060200668896321,1.3419,304.042,9.688
64,0.0003,1,4,4387202,1024,10.5129,1395.62,22.068,3043236046320.0,0.0009922201520410076,4.0,4.601309776306152,0.7181372549019608,0.8092868988391376,1.3225,308.503,5.293
64,0.0001,1,4,4387202,1024,10.0802,1455.528,23.015,3043236046320.0,0.0008976929660501151,4.0,4.536304950714111,0.7181372549019608,0.8092868988391376,1.3039,312.914,5.369
64,5e-05,1,4,4387202,1024,10.1011,1452.512,22.968,3043236046320.0,0.0008980540622924937,4.0,4.506959915161133,0.7205882352941176,0.81,1.3259,307.718,5.279
64,3e-05,1,4,4387202,1024,70.6228,207.752,3.285,3043236046320.0,0.000900744428408557,4.0,4.493043899536133,0.7132352941176471,0.8040201005025126,24.7614,16.477,0.283
128,0.0003,1,4,4387202,1024,9.8505,1489.46,11.776,3176350571088.0,0.0014578815678070332,4.0,4.55826473236084,0.7156862745098039,0.8066666666666666,1.2885,316.644,3.104
128,0.0001,1,4,4387202,1024,9.8431,1490.586,11.785,3176350571088.0,0.001326226468743949,4.0,4.513871669769287,0.7107843137254902,0.802675585284281,1.3031,313.096,3.07
128,5e-05,1,4,4387202,1024,9.4801,1547.658,12.236,3176350571088.0,0.0012404213434663311,4.0,4.493907451629639,0.7107843137254902,0.802675585284281,1.3,313.834,3.077
128,3e-05,1,4,4387202,1024,9.6558,1519.496,12.013,3176350571088.0,0.0011845084613767163,4.0,4.485902786254883,0.7132352941176471,0.8040201005025126,1.3764,296.426,2.906
8,0.0003,1,8,4387202,1024,24.5731,597.075,74.716,2616141208032.0,0.005676578137869409,4.0,4.588900089263916,0.6911764705882353,0.7864406779661017,1.4793,275.798,34.475
8,0.0001,1,8,4387202,1024,25.5439,574.385,71.876,2616141208032.0,0.002923436966077435,4.0,4.5475077629089355,0.7107843137254902,0.8033333333333333,1.4947,272.96,34.12
8,5e-05,1,8,4387202,1024,25.205,582.107,72.843,2616141208032.0,0.0022983253164488766,4.0,4.525457859039307,0.7058823529411765,0.8,1.4336,284.593,35.574
8,3e-05,1,8,4387202,1024,25.1441,583.516,73.019,2616141208032.0,0.0014012961005203605,4.0,4.48167610168457,0.7156862745098039,0.8066666666666666,1.4551,280.392,35.049
16,0.0003,1,8,4387202,1024,18.5007,793.053,49.728,2767006989504.0,0.0073332887628804085,4.0,4.58208703994751,0.6887254901960784,0.7858347386172007,2.0535,198.684,12.661
16,0.0001,1,8,4387202,1024,18.8516,778.29,48.802,2767006989504.0,0.004391233039938885,4.0,4.652172088623047,0.7083333333333334,0.8013355592654424,1.6802,242.825,15.474
16,5e-05,1,8,4387202,1024,16.2086,905.197,56.76,2767006989504.0,0.0033721212054724278,4.0,4.5575175285339355,0.7132352941176471,0.8040201005025126,1.3808,295.491,18.83
16,3e-05,1,8,4387202,1024,16.215,904.839,56.737,2767006989504.0,0.0028338904452064762,4.0,4.511127471923828,0.7083333333333334,0.8006700167504187,1.3698,297.849,18.981
32,0.0003,1,8,4387202,1024,12.5104,1172.786,36.769,2912609085552.0,0.005323841260827106,4.0,4.553201198577881,0.7107843137254902,0.8039867109634552,1.3267,307.527,9.799
32,0.0001,1,8,4387202,1024,12.329,1190.044,37.311,2912609085552.0,0.001772784798041634,4.0,4.567946434020996,0.7132352941176471,0.8046744574290484,1.2795,318.863,10.16
32,5e-05,1,8,4387202,1024,12.3287,1190.07,37.311,2912609085552.0,0.0014068576304808907,4.0,4.547189235687256,0.7156862745098039,0.8066666666666666,1.3424,303.942,9.684
32,3e-05,1,8,4387202,1024,12.5969,1164.733,36.517,2912609085552.0,0.0013990823341452558,4.0,4.527152061462402,0.7156862745098039,0.8060200668896321,1.3273,307.398,9.795
64,0.0003,1,8,4387202,1024,10.6718,1374.844,21.74,3043236046320.0,0.0016806415956595849,4.0,4.706212520599365,0.7034313725490197,0.7966386554621848,1.3147,310.339,5.324
64,0.0001,1,8,4387202,1024,11.1347,1317.682,20.836,3043236046320.0,0.000980268650013825,4.0,4.585933208465576,0.7181372549019608,0.8092868988391376,1.295,315.065,5.406
64,5e-05,1,8,4387202,1024,10.5938,1384.963,21.9,3043236046320.0,0.0009139077416781722,4.0,4.547283172607422,0.7205882352941176,0.8106312292358804,1.2942,315.246,5.409
64,3e-05,1,8,4387202,1024,10.5309,1393.228,22.03,3043236046320.0,0.0009056675279962605,4.0,4.520821571350098,0.7181372549019608,0.8086522462562395,1.292,315.785,5.418
128,0.0003,1,8,4387202,1024,9.6935,1513.592,11.967,3176350571088.0,0.0019424763219109897,4.0,4.616020202636719,0.7156862745098039,0.8040540540540541,1.7414,234.295,2.297
128,0.0001,1,8,4387202,1024,9.533,1539.074,12.168,3176350571088.0,0.001471792829447779,4.0,4.557870864868164,0.7181372549019608,0.8080133555926544,1.2914,315.945,3.098
128,5e-05,1,8,4387202,1024,9.5572,1535.172,12.137,3176350571088.0,0.0013727782101466738,4.0,4.527935981750488,0.7156862745098039,0.8066666666666666,1.2896,316.385,3.102
128,3e-05,1,8,4387202,1024,9.7733,1501.238,11.869,3176350571088.0,0.0013347739546463407,4.0,4.507899761199951,0.7107843137254902,0.802675585284281,1.275,319.989,3.137
8,0.0003,1,16,4387202,1024,25.6563,571.868,71.561,2616141208032.0,0.016028388458139756,4.0,4.460167407989502,0.7009803921568627,0.793918918918919,1.4816,275.373,34.422
8,0.0001,1,16,4387202,1024,25.7796,569.132,71.219,2616141208032.0,0.005485290925227479,4.0,4.547307014465332,0.6985294117647058,0.7932773109243697,1.4781,276.026,34.503
8,5e-05,1,16,4387202,1024,24.4678,599.644,75.037,2616141208032.0,0.002975936272954629,4.0,4.567411422729492,0.7107843137254902,0.8033333333333333,1.478,276.04,34.505
8,3e-05,1,16,4387202,1024,24.7358,593.149,74.225,2616141208032.0,0.0024711189381697077,4.0,4.528491497039795,0.7107843137254902,0.8039867109634552,1.537,265.454,33.182
16,0.0003,1,16,4387202,1024,16.6177,882.913,55.363,2767006989504.0,0.020808158750119418,4.0,4.25525426864624,0.7009803921568627,0.7918088737201365,1.4273,285.854,18.216
16,0.0001,1,16,4387202,1024,16.0301,915.277,57.392,2767006989504.0,0.006206131782338438,4.0,4.473796844482422,0.7034313725490197,0.7979966611018364,1.4298,285.361,18.185
16,5e-05,1,16,4387202,1024,16.103,911.136,57.132,2767006989504.0,0.0027149098074954487,4.0,4.719704627990723,0.7083333333333334,0.8,1.9399,210.317,13.403
16,3e-05,1,16,4387202,1024,16.1543,908.24,56.951,2767006989504.0,0.0034855052535219685,4.0,4.620175361633301,0.7058823529411765,0.7986577181208053,1.347,302.898,19.302
32,0.0003,1,16,4387202,1024,12.5015,1173.618,36.796,2912609085552.0,0.007526095535444177,4.0,4.527937889099121,0.7181372549019608,0.8092868988391376,1.2985,314.202,10.011
32,0.0001,1,16,4387202,1024,12.1942,1203.198,37.723,2912609085552.0,0.003353501143662826,4.0,4.691136837005615,0.7058823529411765,0.7972972972972973,1.3235,308.271,9.822
32,5e-05,1,16,4387202,1024,12.2295,1199.722,37.614,2912609085552.0,0.0018788526887479036,4.0,4.580809116363525,0.7107843137254902,0.802675585284281,1.3419,304.036,9.687
32,3e-05,1,16,4387202,1024,12.4823,1175.421,36.852,2912609085552.0,0.0014809977749119633,4.0,4.548851013183594,0.7132352941176471,0.8046744574290484,1.3214,308.772,9.838
64,0.0003,1,16,4387202,1024,10.39,1412.125,22.329,3043236046320.0,0.006264472829884496,4.0,4.644733905792236,0.7034313725490197,0.7966386554621848,1.3272,307.416,5.274
64,0.0001,1,16,4387202,1024,10.4238,1407.553,22.257,3043236046320.0,0.0010414887219667435,4.0,4.613442420959473,0.7156862745098039,0.8073089700996677,1.3257,307.763,5.28
64,5e-05,1,16,4387202,1024,10.4706,1401.257,22.157,3043236046320.0,0.0009929192862634,4.0,4.594429016113281,0.7205882352941176,0.8106312292358804,1.3296,306.862,5.265
64,3e-05,1,16,4387202,1024,10.3729,1414.458,22.366,3043236046320.0,0.0009460409396681292,4.0,4.566781520843506,0.7205882352941176,0.8106312292358804,1.3201,309.057,5.302
128,0.0003,1,16,4387202,1024,9.796,1497.751,11.842,3176350571088.0,0.0015771729422026667,4.0,4.59665060043335,0.7156862745098039,0.8047138047138047,1.3034,313.031,3.069
128,0.0001,1,16,4387202,1024,9.8305,1492.504,11.8,3176350571088.0,0.0014663192218747631,4.0,4.589643955230713,0.7107843137254902,0.802675585284281,1.2848,317.559,3.113
128,5e-05,1,16,4387202,1024,9.9693,1471.725,11.636,3176350571088.0,0.0014780351314051397,4.0,4.569336414337158,0.7156862745098039,0.8060200668896321,1.3646,298.984,2.931
128,3e-05,1,16,4387202,1024,9.6368,1522.491,12.037,3176350571088.0,0.001460661662035975,4.0,4.548813819885254,0.7181372549019608,0.8080133555926544,1.3231,308.365,3.023
8,0.0003,2,1,4388226,2048,24.893,589.402,73.756,2622602779104.0,0.001528531856721263,4.0,4.518276214599609,0.7058823529411765,0.7986577181208053,1.9573,208.45,26.056
8,0.0001,2,1,4388226,2048,25.1145,584.204,73.105,2622602779104.0,0.0016587330819734561,4.0,4.483963489532471,0.7107843137254902,0.802013422818792,1.4778,276.089,34.511
8,5e-05,2,1,4388226,2048,24.7732,592.254,74.112,2622602779104.0,0.001689765545537529,4.0,4.477851867675781,0.7132352941176471,0.8040201005025126,1.5048,271.127,33.891
8,3e-05,2,1,4388226,2048,24.7216,593.49,74.267,2622602779104.0,0.0017017721277631187,4.0,4.47619104385376,0.7132352941176471,0.8040201005025126,1.4706,277.441,34.68
16,0.0003,2,1,4388226,2048,16.1058,910.978,57.122,2773841181888.0,0.0023563308560329934,4.0,4.475051403045654,0.7132352941176471,0.8040201005025126,1.3882,293.9,18.729
16,0.0001,2,1,4388226,2048,16.2377,903.577,56.658,2773841181888.0,0.0020955530845600625,4.0,4.479038238525391,0.7132352941176471,0.8040201005025126,1.3586,300.312,19.138
16,5e-05,2,1,4388226,2048,16.4483,892.005,55.933,2773841181888.0,0.0020937009674051534,4.0,4.4771294593811035,0.7132352941176471,0.8040201005025126,1.3615,299.663,19.096
16,3e-05,2,1,4388226,2048,16.7404,876.445,54.957,2773841181888.0,0.00209315898625747,4.0,4.475709438323975,0.7132352941176471,0.8040201005025126,1.3797,295.717,18.845
32,0.0003,2,1,4388226,2048,12.8744,1139.623,35.73,2919802898544.0,0.0013453548369200333,4.0,4.517662525177002,0.7156862745098039,0.8060200668896321,1.4249,286.333,9.123
32,0.0001,2,1,4388226,2048,12.9062,1136.817,35.642,2919802898544.0,0.001388589454733807,4.0,4.490049839019775,0.7132352941176471,0.8040201005025126,1.3448,303.396,9.667
32,5e-05,2,1,4388226,2048,12.8951,1137.797,35.672,2919802898544.0,0.0013749557992686395,4.0,4.48198938369751,0.7132352941176471,0.8040201005025126,1.2796,318.843,10.159
32,3e-05,2,1,4388226,2048,13.0015,1128.487,35.381,2919802898544.0,0.0013673020445782206,4.0,4.47875452041626,0.7132352941176471,0.8040201005025126,1.3356,305.486,9.734
64,0.0003,2,1,4388226,2048,10.3791,1413.613,22.353,3050752493040.0,0.0007911689322570275,4.0,4.490767955780029,0.7181372549019608,0.8086522462562395,1.2796,318.853,5.471
64,0.0001,2,1,4388226,2048,10.1976,1438.773,22.751,3050752493040.0,0.0008543670049001431,4.0,4.477608680725098,0.7107843137254902,0.802675585284281,1.3334,305.99,5.25
64,5e-05,2,1,4388226,2048,10.6385,1379.141,21.808,3050752493040.0,0.0008682667695242783,4.0,4.475668430328369,0.7132352941176471,0.8040201005025126,1.2806,318.602,5.466
64,3e-05,2,1,4388226,2048,10.7412,1365.961,21.599,3050752493040.0,0.0008737003623411573,4.0,4.4750075340271,0.7132352941176471,0.8040201005025126,1.3194,309.239,5.306
128,0.0003,2,1,4388226,2048,10.0388,1461.534,11.555,3184195795536.0,0.001104544848203659,4.0,4.479390621185303,0.7107843137254902,0.802675585284281,1.7646,231.208,2.267
128,0.0001,2,1,4388226,2048,9.9764,1470.676,11.627,3184195795536.0,0.0010519324448601953,4.0,4.475593090057373,0.7132352941176471,0.8040201005025126,1.2956,314.917,3.087
128,5e-05,2,1,4388226,2048,9.8713,1486.325,11.751,3184195795536.0,0.0010392342148156002,4.0,4.47481632232666,0.7132352941176471,0.8040201005025126,1.2638,322.829,3.165
128,3e-05,2,1,4388226,2048,9.847,1489.99,11.78,3184195795536.0,0.0010342057794332504,4.0,4.47450065612793,0.7132352941176471,0.8040201005025126,1.2974,314.464,3.083
8,0.0003,2,2,4388226,2048,23.8807,614.387,76.882,2622602779104.0,0.0012079591877821403,4.0,4.563617706298828,0.7009803921568627,0.7953020134228188,1.4878,274.222,34.278
8,0.0001,2,2,4388226,2048,23.6391,620.667,77.668,2622602779104.0,0.00159060642577724,4.0,4.5043511390686035,0.7107843137254902,0.802013422818792,1.4657,278.366,34.796
8,5e-05,2,2,4388226,2048,24.5496,597.647,74.787,2622602779104.0,0.0016574630501613118,4.0,4.484429359436035,0.7107843137254902,0.802013422818792,1.5123,269.791,33.724
8,3e-05,2,2,4388226,2048,24.7363,593.136,74.223,2622602779104.0,0.0016854086034568047,4.0,4.478892803192139,0.7132352941176471,0.8040201005025126,1.4962,272.695,34.087
16,0.0003,2,2,4388226,2048,16.2292,904.051,56.688,2773841181888.0,0.002847694054893825,4.0,4.493786811828613,0.7132352941176471,0.8040201005025126,1.3647,298.964,19.052
16,0.0001,2,2,4388226,2048,16.2013,905.606,56.786,2773841181888.0,0.0021368853099968123,4.0,4.476401329040527,0.7156862745098039,0.8060200668896321,1.3862,294.321,18.756
16,5e-05,2,2,4388226,2048,16.504,888.995,55.744,2773841181888.0,0.0020926059669126636,4.0,4.477901458740234,0.7132352941176471,0.8040201005025126,1.3507,302.066,19.249
16,3e-05,2,2,4388226,2048,16.7993,873.372,54.764,2773841181888.0,0.0020885056532595468,4.0,4.477921009063721,0.7132352941176471,0.8040201005025126,1.3581,300.418,19.144
32,0.0003,2,2,4388226,2048,12.782,1147.868,35.988,2919802898544.0,0.001336020360822263,4.0,4.563533306121826,0.7156862745098039,0.8060200668896321,1.3591,300.2,9.565
32,0.0001,2,2,4388226,2048,12.8233,1144.164,35.872,2919802898544.0,0.0013667630112689474,4.0,4.505892276763916,0.7107843137254902,0.802013422818792,1.3377,305.003,9.718
32,5e-05,2,2,4388226,2048,12.7684,1149.089,36.026,2919802898544.0,0.0013843243536741836,4.0,4.490497589111328,0.7132352941176471,0.8040201005025126,1.3116,311.069,9.912
32,3e-05,2,2,4388226,2048,12.9337,1134.4,35.566,2919802898544.0,0.0013759447180706522,4.0,4.483896255493164,0.7132352941176471,0.8040201005025126,1.3195,309.203,9.852
64,0.0003,2,2,4388226,2048,10.867,1350.14,21.349,3050752493040.0,0.0006874266626506016,4.0,4.538500785827637,0.7156862745098039,0.8073089700996677,1.3638,299.165,5.133
64,0.0001,2,2,4388226,2048,10.9025,1345.752,21.28,3050752493040.0,0.0008341102250691118,4.0,4.488072872161865,0.7181372549019608,0.8086522462562395,1.307,312.174,5.356
64,5e-05,2,2,4388226,2048,10.813,1356.891,21.456,3050752493040.0,0.0008596371987770343,4.0,4.480207443237305,0.7132352941176471,0.8040201005025126,1.3131,310.717,5.331
64,3e-05,2,2,4388226,2048,10.7507,1364.749,21.58,3050752493040.0,0.0008688212597164614,4.0,4.47769021987915,0.7132352941176471,0.8040201005025126,1.5162,269.091,4.617
128,0.0003,2,2,4388226,2048,9.9569,1473.553,11.65,3184195795536.0,0.0012593038123229455,4.0,4.506410121917725,0.7107843137254902,0.802013422818792,1.3098,311.503,3.054
128,0.0001,2,2,4388226,2048,9.5794,1531.627,12.109,3184195795536.0,0.0011098396418423489,4.0,4.480541229248047,0.7107843137254902,0.802675585284281,1.2964,314.718,3.085
128,5e-05,2,2,4388226,2048,9.8832,1484.544,11.737,3184195795536.0,0.0010674542522635952,4.0,4.476856708526611,0.7132352941176471,0.8040201005025126,1.3369,305.177,2.992
128,3e-05,2,2,4388226,2048,9.9037,1481.467,11.713,3184195795536.0,0.0010507020071662705,4.0,4.475688934326172,0.7132352941176471,0.8040201005025126,1.3346,305.707,2.997
8,0.0003,2,4,4388226,2048,25.8626,567.306,70.991,2622602779104.0,0.0033147678769362,4.0,4.398001194000244,0.7009803921568627,0.7973421926910299,1.4399,283.356,35.42
8,0.0001,2,4,4388226,2048,25.5843,573.476,71.763,2622602779104.0,0.0013129549113169215,4.0,4.535155773162842,0.7034313725490197,0.7966386554621848,1.4607,279.327,34.916
8,5e-05,2,4,4388226,2048,25.5681,573.84,71.808,2622602779104.0,0.0015802694675319854,4.0,4.504641532897949,0.7107843137254902,0.802013422818792,1.4821,275.293,34.412
8,3e-05,2,4,4388226,2048,25.6686,571.592,71.527,2622602779104.0,0.0016450179874702216,4.0,4.48969030380249,0.7107843137254902,0.802013422818792,1.5522,262.847,32.856
16,0.0003,2,4,4388226,2048,16.7539,875.738,54.913,2773841181888.0,0.003072829868482507,4.0,4.58967924118042,0.7034313725490197,0.7973199329983249,1.4719,277.193,17.664
16,0.0001,2,4,4388226,2048,16.6348,882.006,55.306,2773841181888.0,0.002569593942683676,4.0,4.49067497253418,0.7107843137254902,0.802013422818792,1.3517,301.85,19.236
16,5e-05,2,4,4388226,2048,16.6135,883.138,55.377,2773841181888.0,0.0021308863616507985,4.0,4.478538990020752,0.7156862745098039,0.8060200668896321,1.3633,299.272,19.071
16,3e-05,2,4,4388226,2048,16.5436,886.867,55.611,2773841181888.0,0.0021004162728786467,4.0,4.47650671005249,0.7132352941176471,0.8040201005025126,1.3964,292.171,18.619
32,0.0003,2,4,4388226,2048,12.7347,1152.127,36.122,2919802898544.0,0.0026951631774073063,4.0,4.692212104797363,0.7034313725490197,0.7993366500829188,1.3349,305.647,9.739
32,0.0001,2,4,4388226,2048,12.7449,1151.203,36.093,2919802898544.0,0.0013100709604180378,4.0,4.534541606903076,0.7156862745098039,0.8060200668896321,1.3122,310.92,9.907
32,5e-05,2,4,4388226,2048,12.8882,1138.405,35.692,2919802898544.0,0.0013627284246942272,4.0,4.507194519042969,0.7107843137254902,0.802013422818792,1.3407,304.329,9.697
32,3e-05,2,4,4388226,2048,13.3564,1098.5,34.44,2919802898544.0,0.0013799460037894871,4.0,4.494450569152832,0.7132352941176471,0.8040201005025126,1.325,307.934,9.812
64,0.0003,2,4,4388226,2048,10.7009,1371.099,21.68,3050752493040.0,0.0005808307564464109,4.0,4.613085746765137,0.7156862745098039,0.8073089700996677,1.3138,310.553,5.328
64,0.0001,2,4,4388226,2048,10.7675,1362.616,21.546,3050752493040.0,0.0007818554495943004,4.0,4.523775577545166,0.7181372549019608,0.8092868988391376,1.3154,310.181,5.322
64,5e-05,2,4,4388226,2048,10.6283,1380.469,21.829,3050752493040.0,0.0008426171823822219,4.0,4.4934892654418945,0.7181372549019608,0.8086522462562395,1.3395,304.596,5.226
64,3e-05,2,4,4388226,2048,10.8365,1353.938,21.409,3050752493040.0,0.0008601367730518867,4.0,4.485208034515381,0.7132352941176471,0.8040201005025126,1.2881,316.758,5.435
128,0.0003,2,4,4388226,2048,9.8972,1482.434,11.72,3184195795536.0,0.0015397106522116169,4.0,4.568580627441406,0.7083333333333334,0.8006700167504187,1.3356,305.472,2.995
128,0.0001,2,4,4388226,2048,10.0244,1463.63,11.572,3184195795536.0,0.0012572740429434284,4.0,4.508450508117676,0.7107843137254902,0.802013422818792,1.2924,315.695,3.095
128,5e-05,2,4,4388226,2048,9.816,1494.696,11.817,3184195795536.0,0.0011535757060708671,4.0,4.487822532653809,0.7083333333333334,0.8006700167504187,1.2836,317.866,3.116
128,3e-05,2,4,4388226,2048,9.8129,1495.182,11.821,3184195795536.0,0.001100512157226431,4.0,4.480278015136719,0.7107843137254902,0.802675585284281,1.2983,314.25,3.081
8,0.0003,2,8,4388226,2048,25.5721,573.751,71.797,2622602779104.0,0.009314733522909659,4.0,4.509554862976074,0.6985294117647058,0.7932773109243697,1.4793,275.801,34.475
8,0.0001,2,8,4388226,2048,25.1988,582.25,72.861,2622602779104.0,0.001266613705833199,4.0,4.550628185272217,0.7034313725490197,0.7959527824620574,1.4945,273.003,34.125
8,5e-05,2,8,4388226,2048,25.5103,575.141,71.971,2622602779104.0,0.0012329410404486334,4.0,4.539191722869873,0.7034313725490197,0.7966386554621848,1.5241,267.696,33.462
8,3e-05,2,8,4388226,2048,24.6827,594.425,74.384,2622602779104.0,0.0015360465220506415,4.0,4.513413429260254,0.7083333333333334,0.8,1.4794,275.793,34.474
16,0.0003,2,8,4388226,2048,16.2214,904.481,56.715,2773841181888.0,0.009750483865323274,4.0,4.413218021392822,0.7034313725490197,0.7959527824620574,1.3673,298.399,19.016
16,0.0001,2,8,4388226,2048,16.6831,879.452,55.146,2773841181888.0,0.0030945104101429816,4.0,4.520930767059326,0.7107843137254902,0.8039867109634552,1.3465,303.007,19.309
16,5e-05,2,8,4388226,2048,16.6288,882.326,55.326,2773841181888.0,0.002565226833457532,4.0,4.49321174621582,0.7132352941176471,0.8040201005025126,1.3797,295.709,18.844
16,3e-05,2,8,4388226,2048,16.953,865.452,54.268,2773841181888.0,0.0021946788967951484,4.0,4.482306480407715,0.7156862745098039,0.8060200668896321,1.3375,305.043,19.439
32,0.0003,2,8,4388226,2048,12.9161,1135.948,35.615,2919802898544.0,0.00381775394729946,4.0,4.521228790283203,0.7132352941176471,0.8033613445378152,1.357,300.66,9.58
32,0.0001,2,8,4388226,2048,12.5477,1169.298,36.66,2919802898544.0,0.0015288623778716378,4.0,4.591878414154053,0.7132352941176471,0.8046744574290484,1.351,301.994,9.622
32,5e-05,2,8,4388226,2048,12.6414,1160.627,36.388,2919802898544.0,0.0013029343408087026,4.0,4.537450313568115,0.7156862745098039,0.8060200668896321,1.3219,308.639,9.834
32,3e-05,2,8,4388226,2048,12.2093,1201.706,37.676,2919802898544.0,0.0013469228278035702,4.0,4.514975547790527,0.7132352941176471,0.8040201005025126,1.5124,269.777,8.596
64,0.0003,2,8,4388226,2048,10.6505,1377.584,21.783,3050752493040.0,0.0015995317491991766,4.0,4.643556594848633,0.7009803921568627,0.7953020134228188,1.326,307.691,5.279
64,0.0001,2,8,4388226,2048,10.2813,1427.059,22.565,3050752493040.0,0.0007581796882481411,4.0,4.604390621185303,0.7156862745098039,0.8073089700996677,1.3072,312.128,5.355
64,5e-05,2,8,4388226,2048,10.5159,1395.214,22.062,3050752493040.0,0.0007868472743650962,4.0,4.535228729248047,0.7181372549019608,0.8092868988391376,1.2969,314.589,5.397
64,3e-05,2,8,4388226,2048,10.6479,1377.926,21.788,3050752493040.0,0.000837247112187846,4.0,4.505899906158447,0.7181372549019608,0.8086522462562395,1.3789,295.884,5.076
128,0.0003,2,8,4388226,2048,9.8013,1496.942,11.835,3184195795536.0,0.0018595216860031259,4.0,4.64461088180542,0.7034313725490197,0.7959527824620574,1.2918,315.826,3.096
128,0.0001,2,8,4388226,2048,9.8364,1491.606,11.793,3184195795536.0,0.0015223587638345257,4.0,4.568406105041504,0.7083333333333334,0.8006700167504187,1.2639,322.821,3.165
128,5e-05,2,8,4388226,2048,9.715,1510.239,11.94,3184195795536.0,0.0013056132813979839,4.0,4.524259090423584,0.7083333333333334,0.8006700167504187,1.2915,315.924,3.097
128,3e-05,2,8,4388226,2048,9.5679,1533.459,12.124,3184195795536.0,0.0012184859349809844,4.0,4.503298282623291,0.7083333333333334,0.8006700167504187,1.3563,300.829,2.949
8,0.0003,2,16,4388226,2048,25.143,583.543,73.022,2622602779104.0,0.01767668446164765,4.0,4.329929828643799,0.7058823529411765,0.7966101694915254,2.34,174.359,21.795
8,0.0001,2,16,4388226,2048,25.1828,582.619,72.907,2622602779104.0,0.006520145629534665,4.0,4.668581008911133,0.6911764705882353,0.7842465753424658,1.4504,281.306,35.163
8,5e-05,2,16,4388226,2048,25.0499,585.71,73.294,2622602779104.0,0.001016675112457045,4.0,4.512824535369873,0.7058823529411765,0.8,1.4917,273.51,34.189
8,3e-05,2,16,4388226,2048,24.2851,604.155,75.602,2622602779104.0,0.0011115782206354578,4.0,4.558269023895264,0.6985294117647058,0.7939698492462312,1.4403,283.281,35.41
16,0.0003,2,16,4388226,2048,15.8444,926.003,58.065,2773841181888.0,0.01601219902867856,4.0,4.756629467010498,0.6838235294117647,0.7831932773109244,1.472,277.179,17.663
16,0.0001,2,16,4388226,2048,16.1883,906.336,56.831,2773841181888.0,0.004002435311027195,4.0,4.665558338165283,0.6985294117647058,0.7939698492462312,1.3827,295.074,18.804
16,5e-05,2,16,4388226,2048,16.3409,897.868,56.3,2773841181888.0,0.003099020538122758,4.0,4.536605358123779,0.7083333333333334,0.802653399668325,1.8956,215.231,13.716
16,3e-05,2,16,4388226,2048,16.2255,904.256,56.701,2773841181888.0,0.0027123838663101196,4.0,4.504148006439209,0.7132352941176471,0.8053244592346089,1.3483,302.613,19.284
32,0.0003,2,16,4388226,2048,12.3574,1187.309,37.225,2919802898544.0,0.01010054298069166,4.0,4.695729732513428,0.6862745098039216,0.782312925170068,1.3391,304.684,9.708
32,0.0001,2,16,4388226,2048,12.6119,1163.349,36.474,2919802898544.0,0.002555187888767408,4.0,4.566871643066406,0.7107843137254902,0.8052805280528053,1.3487,302.52,9.639
32,5e-05,2,16,4388226,2048,12.5453,1169.525,36.667,2919802898544.0,0.0014986084855121114,4.0,4.592796325683594,0.7132352941176471,0.8046744574290484,1.3349,305.638,9.738
32,3e-05,2,16,4388226,2048,12.956,1132.451,35.505,2919802898544.0,0.001299122235049372,4.0,4.55203104019165,0.7156862745098039,0.8060200668896321,1.3674,298.375,9.507
64,0.0003,2,16,4388226,2048,10.5217,1394.454,22.05,3050752493040.0,0.003933194382437344,4.0,4.928093910217285,0.6691176470588235,0.7684391080617495,1.3227,308.455,5.292
64,0.0001,2,16,4388226,2048,10.4142,1408.847,22.277,3050752493040.0,2.333258102037783e-06,4.0,4.688931465148926,0.7181372549019608,0.8092868988391376,1.3103,311.369,5.342
64,5e-05,2,16,4388226,2048,10.4939,1398.15,22.108,3050752493040.0,0.0007343326920065386,4.0,4.62278938293457,0.7156862745098039,0.8073089700996677,1.2939,315.329,5.41
64,3e-05,2,16,4388226,2048,10.503,1396.938,22.089,3050752493040.0,0.0007586272369171011,4.0,4.564915180206299,0.7156862745098039,0.8073089700996677,1.2849,317.529,5.448
128,0.0003,2,16,4388226,2048,9.6679,1517.597,11.998,3184195795536.0,0.0027252749122422316,4.0,4.764124393463135,0.6936274509803921,0.7884940778341794,1.2857,317.343,3.111
128,0.0001,2,16,4388226,2048,9.6986,1512.789,11.96,3184195795536.0,0.001778355960188241,4.0,4.648277759552002,0.7034313725490197,0.7959527824620574,1.3086,311.786,3.057
128,5e-05,2,16,4388226,2048,9.5784,1531.778,12.111,3184195795536.0,0.0016033212686407156,4.0,4.5875773429870605,0.7083333333333334,0.8006700167504187,1.2761,319.719,3.135
128,3e-05,2,16,4388226,2048,9.6265,1524.12,12.05,3184195795536.0,0.001437288548411994,4.0,4.552970886230469,0.7083333333333334,0.8006700167504187,1.2734,320.397,3.141
8,0.0003,4,1,4390274,4096,24.7772,592.158,74.1,2635525921248.0,0.0019398886210250635,4.0,4.462545871734619,0.7156862745098039,0.8073089700996677,1.5853,257.363,32.17
8,0.0001,4,1,4390274,4096,23.9548,612.487,76.644,2635525921248.0,0.0017993121462709764,4.0,4.467083930969238,0.7107843137254902,0.802675585284281,1.4934,273.204,34.15
8,5e-05,4,1,4390274,4096,24.2011,606.255,75.864,2635525921248.0,0.0017602983983903149,4.0,4.470458984375,0.7132352941176471,0.8040201005025126,1.469,277.738,34.717
8,3e-05,4,1,4390274,4096,75.6866,193.852,24.258,2635525921248.0,0.0017438998571668056,4.0,4.471879005432129,0.7132352941176471,0.8040201005025126,1.4361,284.109,35.514
16,0.0003,4,1,4390274,4096,15.9103,922.167,57.824,2787509566656.0,0.0022151042464310707,4.0,4.488035678863525,0.7132352941176471,0.8040201005025126,1.3845,294.683,18.779
16,0.0001,4,1,4390274,4096,16.396,894.853,56.111,2787509566656.0,0.002152621049595916,4.0,4.477443218231201,0.7132352941176471,0.8040201005025126,1.4401,283.312,18.054
16,5e-05,4,1,4390274,4096,16.3787,895.796,56.17,2787509566656.0,0.0021259241534963896,4.0,4.475865840911865,0.7132352941176471,0.8040201005025126,1.3577,300.513,19.15
16,3e-05,4,1,4390274,4096,15.8779,924.05,57.942,2787509566656.0,0.002113129911215409,4.0,4.475193023681641,0.7132352941176471,0.8040201005025126,1.3673,298.405,19.016
32,0.0003,4,1,4390274,4096,12.2997,1192.87,37.399,2934190524528.0,0.001304177356802899,4.0,4.465904235839844,0.7156862745098039,0.8060200668896321,1.3475,302.79,9.648
32,0.0001,4,1,4390274,4096,12.1193,1210.635,37.956,2934190524528.0,0.00133650963721068,4.0,4.470537185668945,0.7156862745098039,0.8060200668896321,1.3338,305.887,9.746
32,5e-05,4,1,4390274,4096,12.343,1188.693,37.268,2934190524528.0,0.0013457411009332408,4.0,4.472222328186035,0.7132352941176471,0.8040201005025126,1.3518,301.82,9.617
32,3e-05,4,1,4390274,4096,12.5179,1172.083,36.747,2934190524528.0,0.0013495077257571013,4.0,4.472932815551758,0.7132352941176471,0.8040201005025126,1.2958,314.855,10.032
64,0.0003,4,1,4390274,4096,10.401,1410.629,22.305,3065785386480.0,0.0007346815204825895,4.0,4.491910934448242,0.7107843137254902,0.8033333333333333,1.2986,314.185,5.39
64,0.0001,4,1,4390274,4096,10.4912,1398.502,22.114,3065785386480.0,0.0008382309099723553,4.0,4.478879451751709,0.7132352941176471,0.8040201005025126,1.3421,303.991,5.216
64,5e-05,4,1,4390274,4096,10.5071,1396.385,22.08,3065785386480.0,0.0008605147615588944,4.0,4.476370811462402,0.7132352941176471,0.8040201005025126,1.3225,308.512,5.293
64,3e-05,4,1,4390274,4096,10.3453,1418.231,22.426,3065785386480.0,0.0008689953206941999,4.0,4.47542667388916,0.7132352941176471,0.8040201005025126,1.3157,310.111,5.321
128,0.0003,4,1,4390274,4096,9.7805,1500.135,11.86,3199886244432.0,0.001022691999016137,4.0,4.48081111907959,0.7132352941176471,0.8040201005025126,1.3485,302.559,2.966
128,0.0001,4,1,4390274,4096,9.6277,1523.943,12.049,3199886244432.0,0.0010253628394727048,4.0,4.476336479187012,0.7132352941176471,0.8040201005025126,1.3311,306.518,3.005
128,5e-05,4,1,4390274,4096,9.8379,1491.369,11.791,3199886244432.0,0.0010259687772084926,4.0,4.475185394287109,0.7132352941176471,0.8040201005025126,1.2654,322.431,3.161
128,3e-05,4,1,4390274,4096,9.6476,1520.8,12.024,3199886244432.0,0.001026232758986539,4.0,4.47472620010376,0.7132352941176471,0.8040201005025126,1.2771,319.475,3.132
8,0.0003,4,2,4390274,4096,24.4245,600.709,75.171,2635525921248.0,0.001788327293579562,4.0,4.4478440284729,0.7107843137254902,0.804635761589404,1.4527,280.852,35.106
8,0.0001,4,2,4390274,4096,24.9274,588.589,73.654,2635525921248.0,0.0018604268788609628,4.0,4.464235782623291,0.7107843137254902,0.8033333333333333,1.4973,272.495,34.062
8,5e-05,4,2,4390274,4096,24.8443,590.557,73.9,2635525921248.0,0.0018002882291418794,4.0,4.467601776123047,0.7107843137254902,0.802675585284281,1.4507,281.249,35.156
8,3e-05,4,2,4390274,4096,24.1997,606.288,75.869,2635525921248.0,0.0017681439977325906,4.0,4.470021724700928,0.7132352941176471,0.8040201005025126,1.4891,273.998,34.25
16,0.0003,4,2,4390274,4096,15.7345,932.472,58.47,2787509566656.0,0.0022839951409917812,4.0,4.502146244049072,0.7132352941176471,0.8040201005025126,1.3715,297.477,18.957
16,0.0001,4,2,4390274,4096,15.8619,924.985,58.001,2787509566656.0,0.0021892188400354073,4.0,4.483009338378906,0.7132352941176471,0.8040201005025126,1.37,297.806,18.978
16,5e-05,4,2,4390274,4096,15.9438,920.234,57.703,2787509566656.0,0.0021549800734805024,4.0,4.478781223297119,0.7132352941176471,0.8040201005025126,1.4084,289.695,18.461
16,3e-05,4,2,4390274,4096,15.7653,930.649,58.356,2787509566656.0,0.0021349854038461395,4.0,4.476927280426025,0.7132352941176471,0.8040201005025126,1.3716,297.458,18.956
32,0.0003,4,2,4390274,4096,12.2885,1193.962,37.433,2934190524528.0,0.0013176347898400348,4.0,4.472403526306152,0.7156862745098039,0.8066666666666666,1.3303,306.69,9.772
32,0.0001,4,2,4390274,4096,12.1373,1208.837,37.9,2934190524528.0,0.0013194146363631539,4.0,4.467951774597168,0.7156862745098039,0.8060200668896321,1.3276,307.328,9.792
32,5e-05,4,2,4390274,4096,12.4037,1182.87,37.086,2934190524528.0,0.0013362469880477243,4.0,4.470598220825195,0.7156862745098039,0.8060200668896321,1.3511,301.98,9.622
32,3e-05,4,2,4390274,4096,12.3535,1187.678,37.236,2934190524528.0,0.0013436275979746943,4.0,4.471899509429932,0.7156862745098039,0.8060200668896321,1.3017,313.428,9.987
64,0.0003,4,2,4390274,4096,10.572,1387.813,21.945,3065785386480.0,0.0006324853105791684,4.0,4.538693428039551,0.7132352941176471,0.8059701492537313,1.2904,316.191,5.425
64,0.0001,4,2,4390274,4096,10.7299,1367.395,21.622,3065785386480.0,0.0007852078254880576,4.0,4.49094820022583,0.7083333333333334,0.8013355592654424,1.3123,310.912,5.334
64,5e-05,4,2,4390274,4096,10.4564,1403.159,22.187,3065785386480.0,0.0008370912922867413,4.0,4.481870174407959,0.7132352941176471,0.8040201005025126,1.3224,308.528,5.293
64,3e-05,4,2,4390274,4096,10.2014,1438.238,22.742,3065785386480.0,0.0008558557722075232,4.0,4.478626728057861,0.7132352941176471,0.8040201005025126,1.2936,315.4,5.411
128,0.0003,4,2,4390274,4096,9.6982,1512.86,11.961,3199886244432.0,0.0010067099898025907,4.0,4.498486042022705,0.7083333333333334,0.8013355592654424,1.3097,311.524,3.054
128,0.0001,4,2,4390274,4096,9.7175,1509.858,11.937,3199886244432.0,0.0010186526282080289,4.0,4.482395648956299,0.7132352941176471,0.8040201005025126,1.3074,312.072,3.06
128,5e-05,4,2,4390274,4096,9.6466,1520.956,12.025,3199886244432.0,0.0010227422904351662,4.0,4.478266716003418,0.7132352941176471,0.8040201005025126,1.2799,318.766,3.125
128,3e-05,4,2,4390274,4096,9.7956,1497.811,11.842,3199886244432.0,0.0010242009342744432,4.0,4.476589679718018,0.7132352941176471,0.8040201005025126,1.3229,308.406,3.024
8,0.0003,4,4,4390274,4096,25.4869,575.668,72.037,2635525921248.0,0.00525473736729757,4.0,4.397266387939453,0.7058823529411765,0.797979797979798,1.4813,275.425,34.428
8,0.0001,4,4,4390274,4096,24.8827,589.646,73.786,2635525921248.0,0.0020823959296179654,4.0,4.465426445007324,0.7132352941176471,0.8053244592346089,1.5263,267.308,33.413
8,5e-05,4,4,4390274,4096,24.1273,608.108,76.096,2635525921248.0,0.0018601407538409586,4.0,4.465747356414795,0.7107843137254902,0.8033333333333333,1.5051,271.086,33.886
8,3e-05,4,4,4390274,4096,24.5296,598.134,74.848,2635525921248.0,0.0018130442074830756,4.0,4.467899799346924,0.7083333333333334,0.8013355592654424,1.5586,261.78,32.722
16,0.0003,4,4,4390274,4096,16.6093,883.36,55.391,2787509566656.0,0.00294463064359582,4.0,4.5806193351745605,0.7034313725490197,0.800658978583196,1.4039,290.614,18.52
16,0.0001,4,4,4390274,4096,16.6483,881.293,55.261,2787509566656.0,0.002200299199751538,4.0,4.49801778793335,0.7181372549019608,0.8080133555926544,1.3855,294.476,18.766
16,5e-05,4,4,4390274,4096,16.694,878.88,55.11,2787509566656.0,0.0021777590655762216,4.0,4.48539400100708,0.7132352941176471,0.8040201005025126,1.472,277.174,17.663
16,3e-05,4,4,4390274,4096,16.8744,869.481,54.52,2787509566656.0,0.002163417305311431,4.0,4.481370449066162,0.7132352941176471,0.8040201005025126,1.4045,290.505,18.513
32,0.0003,4,4,4390274,4096,13.0485,1124.42,35.253,2934190524528.0,0.001453882326250491,4.0,4.493300914764404,0.7181372549019608,0.8086522462562395,1.3016,313.451,9.987
32,0.0001,4,4,4390274,4096,12.7625,1149.619,36.043,2934190524528.0,0.0013100006010221398,4.0,4.468372344970703,0.7156862745098039,0.8060200668896321,1.3552,301.072,9.593
32,5e-05,4,4,4390274,4096,12.8694,1140.065,35.744,2934190524528.0,0.0013202496196912683,4.0,4.468564510345459,0.7156862745098039,0.8060200668896321,1.3269,307.49,9.797
32,3e-05,4,4,4390274,4096,12.8285,1143.702,35.858,2934190524528.0,0.0013322389644125233,4.0,4.470313549041748,0.7156862745098039,0.8060200668896321,1.3126,310.839,9.904
64,0.0003,4,4,4390274,4096,11.078,1324.426,20.942,3065785386480.0,0.0007174136438246431,4.0,4.634774684906006,0.7083333333333334,0.8019966722129783,1.3472,302.86,5.196
64,0.0001,4,4,4390274,4096,11.0902,1322.973,20.919,3065785386480.0,0.0006808002061884979,4.0,4.530508995056152,0.7156862745098039,0.8073089700996677,1.3325,306.182,5.253
64,5e-05,4,4,4390274,4096,10.6198,1381.577,21.846,3065785386480.0,0.0007846837799096929,4.0,4.499046802520752,0.7083333333333334,0.8013355592654424,1.2858,317.324,5.444
64,3e-05,4,4,4390274,4096,10.5735,1387.621,21.942,3065785386480.0,0.0008278378638727911,4.0,4.488190174102783,0.7107843137254902,0.802675585284281,1.3261,307.665,5.279
128,0.0003,4,4,4390274,4096,10.4324,1406.386,11.119,3199886244432.0,0.0009638105101626495,4.0,4.549690246582031,0.7083333333333334,0.8019966722129783,1.3152,310.211,3.041
128,0.0001,4,4,4390274,4096,10.1932,1439.385,11.38,3199886244432.0,0.0009961271465852343,4.0,4.502037525177002,0.7107843137254902,0.8033333333333333,1.7119,238.334,2.337
128,5e-05,4,4,4390274,4096,10.1067,1451.71,11.478,3199886244432.0,0.0010109722357371758,4.0,4.488397121429443,0.7107843137254902,0.802675585284281,1.3145,310.378,3.043
128,3e-05,4,4,4390274,4096,9.9832,1469.668,11.62,3199886244432.0,0.001015790706050807,4.0,4.482692241668701,0.7132352941176471,0.8040201005025126,1.2873,316.933,3.107
8,0.0003,4,8,4390274,4096,25.2277,581.584,72.777,2635525921248.0,0.006681912182982451,4.0,4.385341167449951,0.6985294117647058,0.7904599659284497,1.4823,275.241,34.405
8,0.0001,4,8,4390274,4096,24.937,588.363,73.626,2635525921248.0,0.001845305737347417,4.0,4.394692897796631,0.7083333333333334,0.8019966722129783,1.4911,273.619,34.202
8,5e-05,4,8,4390274,4096,25.0098,586.649,73.411,2635525921248.0,0.0020508867021942255,4.0,4.466883182525635,0.7132352941176471,0.8053244592346089,1.4702,277.514,34.689
8,3e-05,4,8,4390274,4096,24.6202,595.934,74.573,2635525921248.0,0.0018905225587290487,4.0,4.46865701675415,0.7107843137254902,0.8033333333333333,1.4726,277.058,34.632
16,0.0003,4,8,4390274,4096,15.9881,917.683,57.543,2787509566656.0,0.005028825285642044,4.0,4.545282363891602,0.7058823529411765,0.7986577181208053,1.39,293.535,18.706
16,0.0001,4,8,4390274,4096,16.0226,915.706,57.419,2787509566656.0,0.002547515329459439,4.0,4.551565647125244,0.7083333333333334,0.8013355592654424,1.3602,299.951,19.115
16,5e-05,4,8,4390274,4096,16.7185,877.589,55.029,2787509566656.0,0.0021849781234303247,4.0,4.507040023803711,0.7156862745098039,0.8066666666666666,1.3978,291.89,18.601
16,3e-05,4,8,4390274,4096,16.092,911.757,57.171,2787509566656.0,0.002160333805596051,4.0,4.491642951965332,0.7156862745098039,0.8060200668896321,1.3761,296.496,18.894
32,0.0003,4,8,4390274,4096,12.7772,1148.298,36.002,2934190524528.0,0.002433013138563737,4.0,4.420674800872803,0.7107843137254902,0.802675585284281,1.3131,310.722,9.9
32,0.0001,4,8,4390274,4096,12.6651,1158.455,36.32,2934190524528.0,0.0012776181749675586,4.0,4.482794761657715,0.7181372549019608,0.8086522462562395,1.3643,299.056,9.529
32,5e-05,4,8,4390274,4096,12.8309,1143.488,35.851,2934190524528.0,0.0013089921163476031,4.0,4.471495628356934,0.7132352941176471,0.8046744574290484,1.3205,308.962,9.844
32,3e-05,4,8,4390274,4096,12.6444,1160.351,36.38,2934190524528.0,0.001324248054753179,4.0,4.46925163269043,0.7156862745098039,0.8060200668896321,1.3217,308.689,9.836
64,0.0003,4,8,4390274,4096,10.4734,1400.888,22.151,3065785386480.0,0.0007231832835181006,4.0,4.78878116607666,0.7132352941176471,0.8059701492537313,1.308,311.917,5.352
64,0.0001,4,8,4390274,4096,10.388,1412.401,22.333,3065785386480.0,0.0007617566734552383,4.0,4.610698223114014,0.7083333333333334,0.8019966722129783,1.3096,311.55,5.345
64,5e-05,4,8,4390274,4096,10.5137,1395.516,22.067,3065785386480.0,0.0006969889690136088,4.0,4.547612190246582,0.7156862745098039,0.8073089700996677,1.3105,311.333,5.341
64,3e-05,4,8,4390274,4096,10.5072,1396.371,22.08,3065785386480.0,0.0007638272925697524,4.0,4.516313552856445,0.7107843137254902,0.8033333333333333,1.2944,315.202,5.408
128,0.0003,4,8,4390274,4096,9.7425,1505.972,11.907,3199886244432.0,0.0009629748247820755,4.0,4.656181812286377,0.7083333333333334,0.8013355592654424,1.3446,303.431,2.975
128,0.0001,4,8,4390274,4096,10.0328,1462.4,11.562,3199886244432.0,0.000953035621807493,4.0,4.554482936859131,0.7083333333333334,0.8019966722129783,1.3762,296.478,2.907
128,5e-05,4,8,4390274,4096,9.8844,1484.366,11.736,3199886244432.0,0.0009758433905141107,4.0,4.517416000366211,0.7107843137254902,0.8033333333333333,1.3015,313.476,3.073
128,3e-05,4,8,4390274,4096,9.8939,1482.929,11.724,3199886244432.0,0.0009918512840723169,4.0,4.500821113586426,0.7083333333333334,0.8013355592654424,1.3069,312.18,3.061
8,0.0003,4,16,4390274,4096,25.6337,572.372,71.624,2635525921248.0,0.016676844335069843,4.0,4.255577564239502,0.7034313725490197,0.7924528301886793,1.4611,279.245,34.906
8,0.0001,4,16,4390274,4096,25.3738,578.234,72.358,2635525921248.0,0.00518348787085423,4.0,4.314993858337402,0.7083333333333334,0.802653399668325,1.4551,280.399,35.05
8,5e-05,4,16,4390274,4096,25.8451,567.689,71.039,2635525921248.0,0.001733707543310338,4.0,4.414802551269531,0.7083333333333334,0.8019966722129783,1.479,275.861,34.483
8,3e-05,4,16,4390274,4096,25.4569,576.347,72.122,2635525921248.0,0.0019854205439358234,4.0,4.469064235687256,0.7132352941176471,0.8053244592346089,1.4579,279.852,34.981
16,0.0003,4,16,4390274,4096,16.2082,905.221,56.761,2787509566656.0,0.014300672904304836,4.0,4.51060676574707,0.7034313725490197,0.7931623931623931,1.4545,280.515,17.876
16,0.0001,4,16,4390274,4096,16.4975,889.345,55.766,2787509566656.0,0.005644569319227468,4.0,4.646237850189209,0.7058823529411765,0.8026315789473685,1.3999,291.459,18.573
16,5e-05,4,16,4390274,4096,16.1839,906.582,56.847,2787509566656.0,0.0026103356934112053,4.0,4.564605236053467,0.7107843137254902,0.802675585284281,1.3772,296.257,18.879
16,3e-05,4,16,4390274,4096,16.5449,886.801,55.606,2787509566656.0,0.0022217767191645894,4.0,4.525711536407471,0.7107843137254902,0.8033333333333333,1.4303,285.264,18.179
32,0.0003,4,16,4390274,4096,12.5787,1166.417,36.57,2934190524528.0,0.008799003518146017,4.0,4.23660945892334,0.7107843137254902,0.8013468013468014,1.343,303.791,9.68
32,0.0001,4,16,4390274,4096,12.7053,1154.794,36.205,2934190524528.0,0.0017507541438807612,4.0,4.471136569976807,0.7132352941176471,0.8046744574290484,1.3088,311.74,9.933
32,5e-05,4,16,4390274,4096,12.7697,1148.973,36.023,2934190524528.0,0.001239223713460176,4.0,4.485512733459473,0.7181372549019608,0.8086522462562395,1.3418,304.071,9.689
32,3e-05,4,16,4390274,4096,13.2067,1110.954,34.831,2934190524528.0,0.0012782976679179979,4.0,4.477249622344971,0.7156862745098039,0.8066666666666666,1.3287,307.071,9.784
64,0.0003,4,16,4390274,4096,10.801,1358.397,21.48,3065785386480.0,0.0036608543375442767,4.0,4.529826641082764,0.7107843137254902,0.8006756756756757,1.3367,305.233,5.237
64,0.0001,4,16,4390274,4096,10.7497,1364.871,21.582,3065785386480.0,0.0007916651666164398,4.0,4.756054401397705,0.7107843137254902,0.804635761589404,1.3187,309.385,5.308
64,5e-05,4,16,4390274,4096,11.0796,1324.23,20.939,3065785386480.0,0.0007841802234279698,4.0,4.6375041007995605,0.7083333333333334,0.8019966722129783,1.2877,316.843,5.436
64,3e-05,4,16,4390274,4096,10.5236,1394.193,22.046,3065785386480.0,0.0007377334966741759,4.0,4.578395843505859,0.7156862745098039,0.8073089700996677,1.7697,230.548,3.955
128,0.0003,4,16,4390274,4096,10.0762,1456.099,11.512,3199886244432.0,0.0010982250858997476,4.0,4.74439001083374,0.7034313725490197,0.7959527824620574,1.2757,319.834,3.136
128,0.0001,4,16,4390274,4096,10.0265,1463.324,11.569,3199886244432.0,0.0009430337954184104,4.0,4.653677463531494,0.7083333333333334,0.8013355592654424,1.3442,303.535,2.976
128,5e-05,4,16,4390274,4096,9.9762,1470.699,11.628,3199886244432.0,0.0009383277261051638,4.0,4.584927558898926,0.7058823529411765,0.8,1.3066,312.261,3.061
128,3e-05,4,16,4390274,4096,10.0212,1464.099,11.575,3199886244432.0,0.0009502242479858728,4.0,4.546762943267822,0.7107843137254902,0.8033333333333333,1.3311,306.503,3.005
8,0.0003,8,1,4394370,8192,26.1303,561.494,70.263,2661372205536.0,0.001756822870950943,4.0,4.415119171142578,0.7181372549019608,0.8067226890756303,1.5257,267.411,33.426
8,0.0001,8,1,4394370,8192,25.223,581.692,72.791,2661372205536.0,0.0017291235581267633,4.0,4.450509071350098,0.7156862745098039,0.8053691275167785,1.4397,283.4,35.425
8,5e-05,8,1,4394370,8192,25.4484,576.54,72.146,2661372205536.0,0.0017237974846155296,4.0,4.461433410644531,0.7132352941176471,0.8040201005025126,1.5323,266.269,33.284
8,3e-05,8,1,4394370,8192,25.1632,583.073,72.964,2661372205536.0,0.0017210116208183999,4.0,4.466511249542236,0.7132352941176471,0.8040201005025126,1.7817,228.999,28.625
16,0.0003,8,1,4394370,8192,16.6612,880.608,55.218,2814846336192.0,0.0020719998354173223,4.0,4.46267032623291,0.7156862745098039,0.8060200668896321,1.4537,280.671,17.886
16,0.0001,8,1,4394370,8192,16.8534,870.564,54.588,2814846336192.0,0.0020722680846634116,4.0,4.475597858428955,0.7132352941176471,0.8040201005025126,1.4528,280.839,17.897
16,5e-05,8,1,4394370,8192,16.3531,897.2,56.258,2814846336192.0,0.002086391559113627,4.0,4.474404811859131,0.7132352941176471,0.8040201005025126,1.3578,300.475,19.148
16,3e-05,8,1,4394370,8192,16.6054,883.568,55.404,2814846336192.0,0.00208976699606232,4.0,4.47415828704834,0.7132352941176471,0.8040201005025126,1.365,298.911,19.048
32,0.0003,8,1,4394370,8192,12.8732,1139.73,35.733,2962965776496.0,0.0014237098071886146,4.0,4.470980167388916,0.7156862745098039,0.8060200668896321,1.3475,302.779,9.647
32,0.0001,8,1,4394370,8192,13.0372,1125.395,35.284,2962965776496.0,0.0013807554607805999,4.0,4.473475456237793,0.7132352941176471,0.8040201005025126,1.3126,310.844,9.904
32,5e-05,8,1,4394370,8192,12.7459,1151.117,36.09,2962965776496.0,0.001368686556816101,4.0,4.473819732666016,0.7132352941176471,0.8040201005025126,1.3036,312.981,9.972
32,3e-05,8,1,4394370,8192,12.8606,1140.846,35.768,2962965776496.0,0.0013633709886799689,4.0,4.473917484283447,0.7132352941176471,0.8040201005025126,1.3578,300.495,9.575
64,0.0003,8,1,4394370,8192,10.5543,1390.145,21.982,3095851173360.0,0.0008140235882380914,4.0,4.478010177612305,0.7132352941176471,0.8040201005025126,1.2734,320.394,5.497
64,0.0001,8,1,4394370,8192,10.4752,1400.645,22.148,3095851173360.0,0.0008608362926491376,4.0,4.475612163543701,0.7132352941176471,0.8040201005025126,1.3108,311.268,5.34
64,5e-05,8,1,4394370,8192,10.6204,1381.489,21.845,3095851173360.0,0.0008712097488600632,4.0,4.474898815155029,0.7132352941176471,0.8040201005025126,1.2966,314.676,5.399
64,3e-05,8,1,4394370,8192,10.5316,1393.135,22.029,3095851173360.0,0.0008752870790917298,4.0,4.474568843841553,0.7132352941176471,0.8040201005025126,1.3179,309.589,5.312
128,0.0003,8,1,4394370,8192,10.1633,1443.624,11.414,3231267142224.0,0.001019506875810952,4.0,4.480542182922363,0.7132352941176471,0.8040201005025126,1.2801,318.721,3.125
128,0.0001,8,1,4394370,8192,9.5161,1541.816,12.19,3231267142224.0,0.0010239521105741632,4.0,4.476255416870117,0.7132352941176471,0.8040201005025126,1.3391,304.686,2.987
128,5e-05,8,1,4394370,8192,9.8277,1492.925,11.803,3231267142224.0,0.0010252419602254342,4.0,4.475151538848877,0.7132352941176471,0.8040201005025126,1.2817,318.315,3.121
128,3e-05,8,1,4394370,8192,9.7456,1505.506,11.903,3231267142224.0,0.001025790348649025,4.0,4.474703788757324,0.7132352941176471,0.8040201005025126,1.3175,309.685,3.036
8,0.0003,8,2,4394370,8192,24.1418,607.743,76.051,2661372205536.0,0.0018101033784067644,4.0,4.361067771911621,0.7083333333333334,0.7993254637436762,1.4302,285.277,35.66
8,0.0001,8,2,4394370,8192,25.1533,583.303,72.992,2661372205536.0,0.0017438140801257556,4.0,4.433236122131348,0.7156862745098039,0.8053691275167785,1.4657,278.372,34.796
8,5e-05,8,2,4394370,8192,25.6267,572.528,71.644,2661372205536.0,0.0017285446610001438,4.0,4.45109748840332,0.7156862745098039,0.8053691275167785,1.4743,276.749,34.594
8,3e-05,8,2,4394370,8192,25.7799,569.125,71.218,2661372205536.0,0.0017244156068576446,4.0,4.459523677825928,0.7132352941176471,0.8040201005025126,1.4978,272.403,34.05
16,0.0003,8,2,4394370,8192,16.6515,881.121,55.25,2814846336192.0,0.0024964119429173675,4.0,4.444228649139404,0.7230392156862745,0.8113522537562604,1.3925,293.002,18.672
16,0.0001,8,2,4394370,8192,16.3633,896.639,56.223,2814846336192.0,0.0019844677339753377,4.0,4.472869396209717,0.7132352941176471,0.8040201005025126,1.3844,294.711,18.781
16,5e-05,8,2,4394370,8192,16.9049,867.915,54.422,2814846336192.0,0.0020610400597038474,4.0,4.476328372955322,0.7132352941176471,0.8040201005025126,1.4024,290.921,18.539
16,3e-05,8,2,4394370,8192,17.2468,850.706,53.343,2814846336192.0,0.0020810390863081683,4.0,4.474981784820557,0.7132352941176471,0.8040201005025126,1.3719,297.399,18.952
32,0.0003,8,2,4394370,8192,12.7928,1146.899,35.958,2962965776496.0,0.0015687241502430128,4.0,4.466391086578369,0.7156862745098039,0.8060200668896321,1.3641,299.099,9.53
32,0.0001,8,2,4394370,8192,12.7289,1152.656,36.138,2962965776496.0,0.0014034569263458251,4.0,4.472979545593262,0.7156862745098039,0.8060200668896321,1.3773,296.234,9.439
32,5e-05,8,2,4394370,8192,12.7973,1146.49,35.945,2962965776496.0,0.001381267671999724,4.0,4.473672866821289,0.7132352941176471,0.8040201005025126,1.3641,299.108,9.53
32,3e-05,8,2,4394370,8192,13.04,1125.155,35.276,2962965776496.0,0.0013714380886243737,4.0,4.473873615264893,0.7132352941176471,0.8040201005025126,1.5625,261.113,8.32
64,0.0003,8,2,4394370,8192,10.6823,1373.489,21.718,3095851173360.0,0.0007449993542556105,4.0,4.493126392364502,0.7230392156862745,0.8119800332778702,1.3245,308.045,5.285
64,0.0001,8,2,4394370,8192,10.6305,1380.184,21.824,3095851173360.0,0.000843815377046322,4.0,4.480551719665527,0.7132352941176471,0.8040201005025126,1.3167,309.87,5.316
64,5e-05,8,2,4394370,8192,10.7796,1361.093,21.522,3095851173360.0,0.0008638262877176548,4.0,4.477506637573242,0.7132352941176471,0.8040201005025126,1.3186,309.417,5.309
64,3e-05,8,2,4394370,8192,10.8121,1356.994,21.457,3095851173360.0,0.000871186240993697,4.0,4.476245403289795,0.7132352941176471,0.8040201005025126,1.3604,299.917,5.146
128,0.0003,8,2,4394370,8192,10.1947,1439.176,11.378,3231267142224.0,0.001009579747915268,4.0,4.497837066650391,0.7132352941176471,0.8040201005025126,1.3392,304.666,2.987
128,0.0001,8,2,4394370,8192,9.9521,1474.262,11.656,3231267142224.0,0.001018901580366595,4.0,4.482478618621826,0.7132352941176471,0.8040201005025126,1.2993,314.01,3.079
128,5e-05,8,2,4394370,8192,9.9486,1474.775,11.66,3231267142224.0,0.0010224297514249538,4.0,4.478336334228516,0.7132352941176471,0.8040201005025126,1.3193,309.247,3.032
128,3e-05,8,2,4394370,8192,10.0515,1459.678,11.541,3231267142224.0,0.0010239429900358464,4.0,4.476631164550781,0.7132352941176471,0.8040201005025126,1.2878,316.823,3.106
8,0.0003,8,4,4394370,8192,25.6911,571.092,71.464,2661372205536.0,0.003201348102430373,4.0,4.269855499267578,0.7181372549019608,0.8067226890756303,1.4899,273.838,34.23
8,0.0001,8,4,4394370,8192,25.5507,574.232,71.857,2661372205536.0,0.0017988843435506805,4.0,4.39923095703125,0.7132352941176471,0.8026981450252951,1.5506,263.116,32.889
8,5e-05,8,4,4394370,8192,25.1317,583.805,73.055,2661372205536.0,0.0017391063581364866,4.0,4.43428373336792,0.7156862745098039,0.8053691275167785,1.5061,270.893,33.862
8,3e-05,8,4,4394370,8192,25.1897,582.46,72.887,2661372205536.0,0.0017278981811015954,4.0,4.448328971862793,0.7156862745098039,0.8053691275167785,1.4543,280.554,35.069
16,0.0003,8,4,4394370,8192,17.0619,859.928,53.921,2814846336192.0,0.003934603087280108,4.0,4.392589092254639,0.7230392156862745,0.8126036484245439,1.3905,293.425,18.699
16,0.0001,8,4,4394370,8192,17.2734,849.398,53.261,2814846336192.0,0.002094524321348771,4.0,4.464064598083496,0.7156862745098039,0.8060200668896321,1.3933,292.825,18.66
16,5e-05,8,4,4394370,8192,16.9956,863.284,54.132,2814846336192.0,0.001956172190282656,4.0,4.473114967346191,0.7132352941176471,0.8040201005025126,1.3767,296.369,18.886
16,3e-05,8,4,4394370,8192,16.3285,898.554,56.343,2814846336192.0,0.0020256524581624114,4.0,4.477308750152588,0.7132352941176471,0.8040201005025126,1.3608,299.834,19.107
32,0.0003,8,4,4394370,8192,12.6781,1157.274,36.283,2962965776496.0,0.002246068353238313,4.0,4.457174777984619,0.7181372549019608,0.8080133555926544,1.3469,302.924,9.652
32,0.0001,8,4,4394370,8192,12.4501,1178.467,36.948,2962965776496.0,0.001480091525160748,4.0,4.472585201263428,0.7156862745098039,0.8060200668896321,1.3378,304.968,9.717
32,5e-05,8,4,4394370,8192,12.6251,1162.128,36.435,2962965776496.0,0.0014072441536447276,4.0,4.473948955535889,0.7156862745098039,0.8060200668896321,1.3572,300.61,9.578
32,3e-05,8,4,4394370,8192,12.8033,1145.955,35.928,2962965776496.0,0.001387211809987607,4.0,4.4740891456604,0.7132352941176471,0.8040201005025126,1.3438,303.611,9.674
64,0.0003,8,4,4394370,8192,10.517,1395.079,22.06,3095851173360.0,0.0007746964693069458,4.0,4.540727138519287,0.7230392156862745,0.8119800332778702,1.3066,312.264,5.357
64,0.0001,8,4,4394370,8192,10.8228,1355.662,21.436,3095851173360.0,0.0008105377441850202,4.0,4.497741222381592,0.7205882352941176,0.81,1.4087,289.621,4.969
64,5e-05,8,4,4394370,8192,11.3016,1298.222,20.528,3095851173360.0,0.0008513595395047089,4.0,4.486565589904785,0.7132352941176471,0.8040201005025126,1.3583,300.365,5.153
64,3e-05,8,4,4394370,8192,10.5611,1389.243,21.967,3095851173360.0,0.0008649171554836733,4.0,4.482114791870117,0.7132352941176471,0.8040201005025126,1.325,307.919,5.283
128,0.0003,8,4,4394370,8192,9.8127,1495.208,11.821,3231267142224.0,0.0010059393043148107,4.0,4.546154499053955,0.7132352941176471,0.8040201005025126,1.2963,314.735,3.086
128,0.0001,8,4,4394370,8192,9.6659,1517.921,12.001,3231267142224.0,0.0010084511776422631,4.0,4.502931594848633,0.7132352941176471,0.8040201005025126,1.2701,321.224,3.149
128,5e-05,8,4,4394370,8192,9.8179,1494.417,11.815,3231267142224.0,0.0010150697339197684,4.0,4.489116191864014,0.7132352941176471,0.8040201005025126,1.3275,307.341,3.013
128,3e-05,8,4,4394370,8192,9.8737,1485.967,11.748,3231267142224.0,0.0010186667586195059,4.0,4.483314514160156,0.7132352941176471,0.8040201005025126,1.3241,308.138,3.021
8,0.0003,8,8,4394370,8192,25.4593,576.293,72.115,2661372205536.0,0.007867620791225391,4.0,4.015360355377197,0.7181372549019608,0.8073701842546064,1.481,275.48,34.435
8,0.0001,8,8,4394370,8192,25.0738,585.152,73.224,2661372205536.0,0.001904278402652973,4.0,4.331036567687988,0.7058823529411765,0.7972972972972973,1.4579,279.858,34.982
8,5e-05,8,8,4394370,8192,25.5763,573.657,71.785,2661372205536.0,0.0017888303734524447,4.0,4.408319473266602,0.7132352941176471,0.8026981450252951,1.4975,272.454,34.057
8,3e-05,8,8,4394370,8192,26.9807,543.797,68.049,2661372205536.0,0.001746661336138877,4.0,4.429266452789307,0.7181372549019608,0.8067226890756303,1.5015,271.719,33.965
16,0.0003,8,8,4394370,8192,17.2632,849.9,53.293,2814846336192.0,0.006794198699619459,4.0,4.534532070159912,0.7156862745098039,0.8040540540540541,1.4051,290.365,18.504
16,0.0001,8,8,4394370,8192,17.0331,861.381,54.012,2814846336192.0,0.0024968643551287442,4.0,4.460806846618652,0.7230392156862745,0.8113522537562604,1.3741,296.917,18.921
16,5e-05,8,8,4394370,8192,16.9492,865.645,54.28,2814846336192.0,0.0019874144183552782,4.0,4.472296714782715,0.7205882352941176,0.81,1.4232,286.686,18.269
16,3e-05,8,8,4394370,8192,16.4043,894.4,56.083,2814846336192.0,0.0018950939299943654,4.0,4.477068901062012,0.7156862745098039,0.8060200668896321,1.407,289.976,18.479
32,0.0003,8,8,4394370,8192,12.4162,1181.685,37.048,2962965776496.0,0.004011048182197239,4.0,4.635066986083984,0.7009803921568627,0.7918088737201365,1.3509,302.024,9.623
32,0.0001,8,8,4394370,8192,12.8531,1141.51,35.789,2962965776496.0,0.0016191305025764133,4.0,4.47066593170166,0.7132352941176471,0.8046744574290484,1.5023,271.589,8.654
32,5e-05,8,8,4394370,8192,12.5664,1167.561,36.606,2962965776496.0,0.0014810287434121837,4.0,4.475407600402832,0.7156862745098039,0.8060200668896321,1.3671,298.437,9.509
32,3e-05,8,8,4394370,8192,40.6568,360.874,11.314,2962965776496.0,0.0014291469169699627,4.0,4.475585460662842,0.7156862745098039,0.8060200668896321,1.3333,306.001,9.75
64,0.0003,8,8,4394370,8192,10.7122,1369.655,21.658,3095851173360.0,0.0015279944857646678,4.0,4.65387487411499,0.7132352941176471,0.8040201005025126,1.3312,306.501,5.259
64,0.0001,8,8,4394370,8192,10.7852,1360.381,21.511,3095851173360.0,0.0007321241729218384,4.0,4.5455641746521,0.7230392156862745,0.8119800332778702,1.3085,311.799,5.349
64,5e-05,8,8,4394370,8192,10.7322,1367.101,21.617,3095851173360.0,0.0008240863038548108,4.0,4.513375759124756,0.7205882352941176,0.81,1.3095,311.581,5.346
64,3e-05,8,8,4394370,8192,10.7874,1360.101,21.507,3095851173360.0,0.000853535430184726,4.0,4.498439788818359,0.7156862745098039,0.8060200668896321,1.3107,311.275,5.341
128,0.0003,8,8,4394370,8192,10.1602,1444.073,11.417,3231267142224.0,0.001065963622311066,4.0,4.644418716430664,0.7083333333333334,0.8013355592654424,1.3112,311.162,3.051
128,0.0001,8,8,4394370,8192,9.993,1468.222,11.608,3231267142224.0,0.0010137663319193084,4.0,4.555952548980713,0.7132352941176471,0.8040201005025126,1.3434,303.704,2.977
128,5e-05,8,8,4394370,8192,9.9222,1478.708,11.691,3231267142224.0,0.0010000013200373485,4.0,4.520664215087891,0.7132352941176471,0.8040201005025126,1.324,308.159,3.021
128,3e-05,8,8,4394370,8192,9.6191,1525.301,12.059,3231267142224.0,0.0010087837561451156,4.0,4.503886699676514,0.7132352941176471,0.8040201005025126,1.304,312.879,3.067
8,0.0003,8,16,4394370,8192,24.8144,591.269,73.989,2661372205536.0,0.014080854542634585,4.0,3.9731671810150146,0.7058823529411765,0.7952218430034129,1.4393,283.474,35.434
8,0.0001,8,16,4394370,8192,25.9878,564.572,70.648,2661372205536.0,0.003507689745337875,4.0,4.277421474456787,0.7107843137254902,0.8,1.6482,247.54,30.943
8,5e-05,8,16,4394370,8192,24.973,587.515,73.519,2661372205536.0,0.0018948404509513304,4.0,4.355831623077393,0.7058823529411765,0.7966101694915254,1.4691,277.727,34.716
8,3e-05,8,16,4394370,8192,23.984,611.742,76.551,2661372205536.0,0.001747560799466791,4.0,4.407325267791748,0.7107843137254902,0.8013468013468014,1.4419,282.96,35.37
16,0.0003,8,16,4394370,8192,16.2171,904.724,56.73,2814846336192.0,0.01044752105422642,4.0,4.650000095367432,0.6862745098039216,0.7837837837837838,1.3891,293.725,18.718
16,0.0001,8,16,4394370,8192,16.7948,873.603,54.779,2814846336192.0,0.004410413814627606,4.0,4.512486934661865,0.7205882352941176,0.81,1.4173,287.866,18.344
16,5e-05,8,16,4394370,8192,16.5618,885.896,55.55,2814846336192.0,0.00226927717094836,4.0,4.474672794342041,0.7205882352941176,0.81,1.4228,286.755,18.274
16,3e-05,8,16,4394370,8192,17.0444,860.808,53.977,2814846336192.0,0.0019398297304692475,4.0,4.481358528137207,0.7205882352941176,0.81,1.4236,286.602,18.264
32,0.0003,8,16,4394370,8192,12.7016,1155.13,36.216,2962965776496.0,0.0115244896515556,4.0,4.716658115386963,0.696078431372549,0.7898305084745763,2.2252,183.352,5.842
32,0.0001,8,16,4394370,8192,12.6236,1162.269,36.44,2962965776496.0,0.003807720412378726,4.0,4.500776767730713,0.7205882352941176,0.8106312292358804,1.347,302.895,9.651
32,5e-05,8,16,4394370,8192,12.3895,1184.233,37.128,2962965776496.0,0.001605118875918181,4.0,4.482637405395508,0.7132352941176471,0.8046744574290484,1.3665,298.57,9.513
32,3e-05,8,16,4394370,8192,12.4268,1180.677,37.017,2962965776496.0,0.0014887041371801626,4.0,4.479238033294678,0.7156862745098039,0.8060200668896321,1.316,310.033,9.879
64,0.0003,8,16,4394370,8192,10.5916,1385.248,21.904,3095851173360.0,0.0014999064392056958,4.0,4.837643146514893,0.7009803921568627,0.793918918918919,1.3123,310.908,5.334
64,0.0001,8,16,4394370,8192,10.5534,1390.268,21.984,3095851173360.0,0.001522698792917975,4.0,4.630050182342529,0.7254901960784313,0.813953488372093,1.3111,311.179,5.339
64,5e-05,8,16,4394370,8192,10.9042,1345.531,21.276,3095851173360.0,0.0007874415866259871,4.0,4.570669174194336,0.7230392156862745,0.8119800332778702,1.3391,304.688,5.227
64,3e-05,8,16,4394370,8192,10.2695,1428.703,22.591,3095851173360.0,0.0008202231778153058,4.0,4.54024076461792,0.7205882352941176,0.81,1.2931,315.522,5.413
128,0.0003,8,16,4394370,8192,9.5215,1540.937,12.183,3231267142224.0,0.0010507352778623845,4.0,4.779926776885986,0.7083333333333334,0.8,1.2852,317.448,3.112
128,0.0001,8,16,4394370,8192,9.9461,1475.157,11.663,3231267142224.0,0.001079885610218706,4.0,4.656657695770264,0.7083333333333334,0.8013355592654424,1.2762,319.702,3.134
128,5e-05,8,16,4394370,8192,9.8959,1482.636,11.722,3231267142224.0,0.0010383478526411385,4.0,4.590317249298096,0.7107843137254902,0.802675585284281,1.2861,317.244,3.11
128,3e-05,8,16,4394370,8192,9.6773,1516.12,11.987,3231267142224.0,0.0010132244306391683,4.0,4.55409049987793,0.7132352941176471,0.8040201005025126,1.2855,317.383,3.112
8,0.0003,16,1,4402562,16384,24.6703,594.724,74.422,2713064774112.0,0.0017456909548288337,4.0,4.459636211395264,0.7107843137254902,0.8033333333333333,1.4436,282.632,35.329
8,0.0001,16,1,4402562,16384,24.4812,599.318,74.996,2713064774112.0,0.001712005224265564,4.0,4.467988967895508,0.7107843137254902,0.802675585284281,1.4756,276.504,34.563
8,5e-05,16,1,4402562,16384,24.047,610.139,76.35,2713064774112.0,0.001713243729083886,4.0,4.470948696136475,0.7132352941176471,0.8040201005025126,1.4997,272.046,34.006
8,3e-05,16,1,4402562,16384,24.131,608.015,76.085,2713064774112.0,0.001714023832467127,4.0,4.472176551818848,0.7132352941176471,0.8040201005025126,1.4769,276.25,34.531
16,0.0003,16,1,4402562,16384,15.8066,928.218,58.203,2869519875264.0,0.002219505535195703,4.0,4.477442264556885,0.7181372549019608,0.8080133555926544,1.4144,288.455,18.382
16,0.0001,16,1,4402562,16384,15.8778,924.058,57.943,2869519875264.0,0.0021299152189622754,4.0,4.474667549133301,0.7132352941176471,0.8040201005025126,1.397,292.065,18.612
16,5e-05,16,1,4402562,16384,15.9071,922.357,57.836,2869519875264.0,0.002111689932644367,4.0,4.474095821380615,0.7132352941176471,0.8040201005025126,1.3969,292.085,18.613
16,3e-05,16,1,4402562,16384,16.3899,895.185,56.132,2869519875264.0,0.002103448570098566,4.0,4.473989009857178,0.7132352941176471,0.8040201005025126,1.364,299.125,19.062
32,0.0003,16,1,4402562,16384,12.1812,1204.48,37.763,3020516280432.0,0.001439961402312569,4.0,4.487551689147949,0.7107843137254902,0.802675585284281,1.2845,317.621,10.12
32,0.0001,16,1,4402562,16384,12.1987,1202.754,37.709,3020516280432.0,0.0013925637887871785,4.0,4.478606224060059,0.7132352941176471,0.8040201005025126,1.2918,315.848,10.064
32,5e-05,16,1,4402562,16384,12.221,1200.556,37.64,3020516280432.0,0.001375396225763404,4.0,4.476348400115967,0.7132352941176471,0.8040201005025126,1.3161,309.999,9.877
32,3e-05,16,1,4402562,16384,12.4775,1175.88,36.866,3020516280432.0,0.0013676407544509224,4.0,4.475424289703369,0.7132352941176471,0.8040201005025126,1.3133,310.666,9.899
64,0.0003,16,1,4402562,16384,10.5194,1394.762,22.055,3155982747120.0,0.000794349495193054,4.0,4.486123561859131,0.7132352941176471,0.8040201005025126,1.3265,307.583,5.277
64,0.0001,16,1,4402562,16384,10.6159,1382.084,21.854,3155982747120.0,0.0008545893019643323,4.0,4.47819185256958,0.7132352941176471,0.8040201005025126,1.3118,311.022,5.336
64,5e-05,16,1,4402562,16384,10.6236,1381.07,21.838,3155982747120.0,0.0008681809593891276,4.0,4.476139545440674,0.7132352941176471,0.8040201005025126,1.7717,230.285,3.951
64,3e-05,16,1,4402562,16384,10.6161,1382.056,21.854,3155982747120.0,0.000873479735234688,4.0,4.475303649902344,0.7132352941176471,0.8040201005025126,1.3843,294.744,5.057
128,0.0003,16,1,4402562,16384,10.1164,1450.321,11.467,3294028937808.0,0.0010264342458083712,4.0,4.478349685668945,0.7132352941176471,0.8040201005025126,1.3109,311.247,3.051
128,0.0001,16,1,4402562,16384,9.7161,1510.078,11.939,3294028937808.0,0.0010265494086619082,4.0,4.475486755371094,0.7132352941176471,0.8040201005025126,1.3008,313.655,3.075
128,5e-05,16,1,4402562,16384,9.9927,1468.266,11.608,3294028937808.0,0.0010265700262168359,4.0,4.474762439727783,0.7132352941176471,0.8040201005025126,1.2972,314.535,3.084
128,3e-05,16,1,4402562,16384,9.8269,1493.038,11.804,3294028937808.0,0.0010265885884391851,4.0,4.474470138549805,0.7132352941176471,0.8040201005025126,1.3358,305.43,2.994
8,0.0003,16,2,4402562,16384,24.2863,604.126,75.598,2713064774112.0,0.0019262797249408037,4.0,4.461435794830322,0.7058823529411765,0.8006644518272426,1.4634,278.809,34.851
8,0.0001,16,2,4402562,16384,23.9903,611.581,76.531,2713064774112.0,0.0017357330773358512,4.0,4.4648284912109375,0.7107843137254902,0.8033333333333333,1.5476,263.629,32.954
8,5e-05,16,2,4402562,16384,24.729,593.311,74.245,2713064774112.0,0.0017195270682861601,4.0,4.468451499938965,0.7132352941176471,0.8040201005025126,1.6541,246.667,30.833
8,3e-05,16,2,4402562,16384,24.0771,609.376,76.255,2713064774112.0,0.0017171616428623012,4.0,4.470737934112549,0.7132352941176471,0.8040201005025126,1.4411,283.122,35.39
16,0.0003,16,2,4402562,16384,15.8989,922.829,57.865,2869519875264.0,0.002705840993186702,4.0,4.47523832321167,0.7156862745098039,0.8066666666666666,1.3701,297.79,18.977
16,0.0001,16,2,4402562,16384,15.9568,919.483,57.656,2869519875264.0,0.002172927202089973,4.0,4.478639602661133,0.7156862745098039,0.8060200668896321,1.4303,285.249,18.178
16,5e-05,16,2,4402562,16384,15.9299,921.033,57.753,2869519875264.0,0.002136450908754183,4.0,4.475701808929443,0.7132352941176471,0.8040201005025126,1.4035,290.695,18.525
16,3e-05,16,2,4402562,16384,16.2249,904.289,56.703,2869519875264.0,0.0021180736791828404,4.0,4.47489070892334,0.7132352941176471,0.8040201005025126,1.3487,302.516,19.278
32,0.0003,16,2,4402562,16384,12.3166,1191.24,37.348,3020516280432.0,0.0015188789885977041,4.0,4.502692699432373,0.7107843137254902,0.802675585284281,1.3093,311.616,9.929
32,0.0001,16,2,4402562,16384,12.1974,1202.884,37.713,3020516280432.0,0.0014221862606380296,4.0,4.48363733291626,0.7132352941176471,0.8040201005025126,1.3353,305.541,9.735
32,5e-05,16,2,4402562,16384,12.1306,1209.504,37.921,3020516280432.0,0.001394185942152272,4.0,4.478924751281738,0.7132352941176471,0.8040201005025126,1.3281,307.2,9.788
32,3e-05,16,2,4402562,16384,12.1664,1205.948,37.809,3020516280432.0,0.001380069489064424,4.0,4.477000713348389,0.7132352941176471,0.8040201005025126,1.3269,307.495,9.798
64,0.0003,16,2,4402562,16384,10.5515,1390.517,21.987,3155982747120.0,0.00067918310905325,4.0,4.512456893920898,0.7181372549019608,0.8080133555926544,1.3004,313.76,5.383
64,0.0001,16,2,4402562,16384,10.5961,1384.655,21.895,3155982747120.0,0.0008266476978515757,4.0,4.487460613250732,0.7132352941176471,0.8040201005025126,1.3054,312.54,5.362
64,5e-05,16,2,4402562,16384,10.5361,1392.539,22.019,3155982747120.0,0.0008553845229847677,4.0,4.48090124130249,0.7132352941176471,0.8040201005025126,1.2892,316.465,5.43
64,3e-05,16,2,4402562,16384,11.0773,1324.515,20.944,3155982747120.0,0.0008660463680481089,4.0,4.478199005126953,0.7132352941176471,0.8040201005025126,1.2909,316.051,5.422
128,0.0003,16,2,4402562,16384,9.717,1509.925,11.938,3294028937808.0,0.0010308059382027593,4.0,4.490068435668945,0.7132352941176471,0.8040201005025126,1.3035,312.999,3.069
128,0.0001,16,2,4402562,16384,9.9171,1479.461,11.697,3294028937808.0,0.0010275714870156914,4.0,4.479599475860596,0.7132352941176471,0.8040201005025126,1.3378,304.986,2.99
128,5e-05,16,2,4402562,16384,9.8101,1495.594,11.824,3294028937808.0,0.0010271523918571144,4.0,4.476849555969238,0.7132352941176471,0.8040201005025126,1.2925,315.669,3.095
128,3e-05,16,2,4402562,16384,9.6801,1515.694,11.983,3294028937808.0,0.001026937545373522,4.0,4.475728511810303,0.7132352941176471,0.8040201005025126,1.2919,315.805,3.096
8,0.0003,16,4,4402562,16384,24.5257,598.229,74.86,2713064774112.0,0.002429718540246905,4.0,4.425004482269287,0.7034313725490197,0.7952622673434856,1.4709,277.374,34.672
8,0.0001,16,4,4402562,16384,25.1317,583.804,73.055,2713064774112.0,0.0018448669332523945,4.0,4.4632368087768555,0.7107843137254902,0.8033333333333333,1.4582,279.79,34.974
8,5e-05,16,4,4402562,16384,25.0925,584.717,73.169,2713064774112.0,0.0017437746906592176,4.0,4.466794013977051,0.7107843137254902,0.8033333333333333,1.4784,275.98,34.497
8,3e-05,16,4,4402562,16384,24.9291,588.549,73.649,2713064774112.0,0.0017264449161382023,4.0,4.46875524520874,0.7107843137254902,0.802675585284281,1.467,278.121,34.765
16,0.0003,16,4,4402562,16384,16.6156,883.024,55.37,2869519875264.0,0.00344008207321167,4.0,4.4715895652771,0.7156862745098039,0.8073089700996677,1.4109,289.185,18.428
16,0.0001,16,4,4402562,16384,16.1889,906.302,56.829,2869519875264.0,0.002328627953386825,4.0,4.4869771003723145,0.7156862745098039,0.8066666666666666,1.3415,304.136,19.381
16,5e-05,16,4,4402562,16384,15.849,925.735,58.048,2869519875264.0,0.002178036016614541,4.0,4.481008052825928,0.7156862745098039,0.8060200668896321,1.3571,300.647,19.159
16,3e-05,16,4,4402562,16384,16.2918,900.575,56.47,2869519875264.0,0.0021481511871451918,4.0,4.477648735046387,0.7132352941176471,0.8040201005025126,1.4152,288.294,18.372
32,0.0003,16,4,4402562,16384,12.0239,1220.237,38.257,3020516280432.0,0.0013435365065284396,4.0,4.539222240447998,0.7132352941176471,0.8059701492537313,1.3209,308.888,9.842
32,0.0001,16,4,4402562,16384,11.9234,1230.52,38.58,3020516280432.0,0.0014702076497285263,4.0,4.495631694793701,0.7107843137254902,0.802675585284281,1.3495,302.341,9.633
32,5e-05,16,4,4402562,16384,12.3907,1184.116,37.125,3020516280432.0,0.0014264855695807416,4.0,4.484711170196533,0.7132352941176471,0.8040201005025126,1.4701,277.525,8.843
32,3e-05,16,4,4402562,16384,12.4671,1176.855,36.897,3020516280432.0,0.0014033027317212976,4.0,4.480526924133301,0.7132352941176471,0.8040201005025126,1.3404,304.384,9.698
64,0.0003,16,4,4402562,16384,10.4642,1402.117,22.171,3155982747120.0,0.0003293336786586663,4.0,4.576196193695068,0.7181372549019608,0.8080133555926544,1.3055,312.525,5.362
64,0.0001,16,4,4402562,16384,10.443,1404.964,22.216,3155982747120.0,0.000765906711076868,4.0,4.514721393585205,0.7156862745098039,0.8060200668896321,1.2977,314.393,5.394
64,5e-05,16,4,4402562,16384,11.0925,1322.7,20.915,3155982747120.0,0.0008309367273388238,4.0,4.495294094085693,0.7132352941176471,0.8040201005025126,1.2877,316.837,5.436
64,3e-05,16,4,4402562,16384,10.3842,1412.92,22.342,3155982747120.0,0.000852691266557266,4.0,4.487023830413818,0.7132352941176471,0.8040201005025126,1.284,317.752,5.452
128,0.0003,16,4,4402562,16384,9.9226,1478.648,11.691,3294028937808.0,0.0010407721174174342,4.0,4.526828765869141,0.7132352941176471,0.8040201005025126,1.2764,319.648,3.134
128,0.0001,16,4,4402562,16384,9.6767,1516.219,11.988,3294028937808.0,0.0010343135559353336,4.0,4.493875026702881,0.7132352941176471,0.8040201005025126,1.2617,323.385,3.17
128,5e-05,16,4,4402562,16384,9.676,1516.333,11.988,3294028937808.0,0.0010296779459920422,4.0,4.484272480010986,0.7132352941176471,0.8040201005025126,1.3047,312.718,3.066
128,3e-05,16,4,4402562,16384,9.6323,1523.213,12.043,3294028937808.0,0.0010284190547877345,4.0,4.480259895324707,0.7132352941176471,0.8040201005025126,1.2929,315.571,3.094
8,0.0003,16,8,4402562,16384,24.6339,595.603,74.532,2713064774112.0,0.0056958739079487905,4.0,4.699648857116699,0.6936274509803921,0.787052810902896,1.4706,277.434,34.679
8,0.0001,16,8,4402562,16384,24.3687,602.084,75.343,2713064774112.0,0.0018101208124889066,4.0,4.493375778198242,0.7058823529411765,0.8006644518272426,1.4539,280.621,35.078
8,5e-05,16,8,4402562,16384,24.5077,598.669,74.915,2713064774112.0,0.0018445686574148782,4.0,4.470546722412109,0.7107843137254902,0.8033333333333333,1.4895,273.92,34.24
8,3e-05,16,8,4402562,16384,24.0027,611.265,76.491,2713064774112.0,0.001762180733200252,4.0,4.469058513641357,0.7107843137254902,0.8033333333333333,1.4414,283.05,35.381
16,0.0003,16,8,4402562,16384,15.9632,919.114,57.633,2869519875264.0,0.004052153618439384,4.0,4.514338970184326,0.7009803921568627,0.7946127946127947,1.385,294.575,18.772
16,0.0001,16,8,4402562,16384,15.9698,918.737,57.609,2869519875264.0,0.0029729085771933845,4.0,4.489678382873535,0.7205882352941176,0.8106312292358804,1.393,292.897,18.665
16,5e-05,16,8,4402562,16384,15.9311,920.966,57.749,2869519875264.0,0.0023385514140776965,4.0,4.491797924041748,0.7156862745098039,0.8066666666666666,1.3317,306.369,19.524
16,3e-05,16,8,4402562,16384,16.6834,879.436,55.145,2869519875264.0,0.0022143568924587707,4.0,4.484348773956299,0.7181372549019608,0.8080133555926544,1.4022,290.973,18.542
32,0.0003,16,8,4402562,16384,12.8509,1141.707,35.795,3020516280432.0,0.001217997592428456,4.0,4.569864273071289,0.7083333333333334,0.802653399668325,1.319,309.332,9.856
32,0.0001,16,8,4402562,16384,12.5706,1167.17,36.593,3020516280432.0,0.0016148616438326627,4.0,4.521339416503906,0.7132352941176471,0.8046744574290484,1.3129,310.765,9.902
32,5e-05,16,8,4402562,16384,12.4316,1180.217,37.002,3020516280432.0,0.0014787593613500181,4.0,4.498528957366943,0.7107843137254902,0.802675585284281,1.3128,310.785,9.902
32,3e-05,16,8,4402562,16384,12.4879,1174.901,36.836,3020516280432.0,0.0014433018539262855,4.0,4.4887003898620605,0.7132352941176471,0.8040201005025126,1.3016,313.468,9.988
64,0.0003,16,8,4402562,16384,10.4895,1398.726,22.117,3155982747120.0,3.150899609518719e-06,4.0,4.668979167938232,0.7205882352941176,0.81,1.3168,309.854,5.316
64,0.0001,16,8,4402562,16384,10.4444,1404.766,22.213,3155982747120.0,0.0005951254018421831,4.0,4.578502655029297,0.7181372549019608,0.8080133555926544,1.3381,304.914,5.231
64,5e-05,16,8,4402562,16384,10.2413,1432.632,22.653,3155982747120.0,0.000776583521530546,4.0,4.532897472381592,0.7156862745098039,0.8060200668896321,1.3388,304.751,5.229
64,3e-05,16,8,4402562,16384,10.3871,1412.527,22.335,3155982747120.0,0.0008278947708935573,4.0,4.511373519897461,0.7132352941176471,0.8040201005025126,1.2943,315.231,5.408
128,0.0003,16,8,4402562,16384,9.8574,1488.425,11.768,3294028937808.0,0.001111334254001749,4.0,4.607846260070801,0.7132352941176471,0.8040201005025126,1.3371,305.14,2.992
128,0.0001,16,8,4402562,16384,9.6459,1521.054,12.026,3294028937808.0,0.001048923309507041,4.0,4.5354323387146,0.7132352941176471,0.8040201005025126,1.2942,315.261,3.091
128,5e-05,16,8,4402562,16384,10.4206,1407.981,11.132,3294028937808.0,0.0010389515423569187,4.0,4.50792932510376,0.7132352941176471,0.8040201005025126,1.2847,317.58,3.114
128,3e-05,16,8,4402562,16384,9.8086,1495.828,11.826,3294028937808.0,0.001036249293849386,4.0,4.495173454284668,0.7132352941176471,0.8040201005025126,1.2771,319.478,3.132
8,0.0003,16,16,4402562,16384,24.5924,596.606,74.657,2713064774112.0,0.01532866518481884,4.0,4.060374736785889,0.7034313725490197,0.7917383820998278,1.5223,268.011,33.501
8,0.0001,16,16,4402562,16384,24.3838,601.712,75.296,2713064774112.0,0.003228686636309738,4.0,4.462459087371826,0.7034313725490197,0.7938671209540034,1.5097,270.26,33.783
8,5e-05,16,16,4402562,16384,25.0713,585.21,73.231,2713064774112.0,0.0018366104083045432,4.0,4.496100425720215,0.7083333333333334,0.8019966722129783,1.4433,282.676,35.335
8,3e-05,16,16,4402562,16384,24.8135,591.29,73.992,2713064774112.0,0.0018682909687100413,4.0,4.486209869384766,0.7058823529411765,0.8006644518272426,1.4593,279.589,34.949
16,0.0003,16,16,4402562,16384,16.3981,894.737,56.104,2869519875264.0,0.009409674872522769,4.0,4.448988437652588,0.6838235294117647,0.7787307032590052,1.3865,294.256,18.752
16,0.0001,16,16,4402562,16384,16.2314,903.925,56.68,2869519875264.0,0.0035963843698086947,4.0,4.505161285400391,0.7083333333333334,0.8033057851239669,1.4224,286.831,18.278
16,5e-05,16,16,4402562,16384,16.2251,904.277,56.702,2869519875264.0,0.002990104905937029,4.0,4.501035690307617,0.7205882352941176,0.8106312292358804,1.4066,290.054,18.484
16,3e-05,16,16,4402562,16384,16.407,894.251,56.074,2869519875264.0,0.0024993203094472055,4.0,4.499875068664551,0.7181372549019608,0.8086522462562395,1.393,292.888,18.664
32,0.0003,16,16,4402562,16384,13.2187,1109.946,34.799,3020516280432.0,0.006544480634772259,4.0,4.747830867767334,0.7034313725490197,0.7993366500829188,1.332,306.308,9.76
32,0.0001,16,16,4402562,16384,12.6993,1155.337,36.222,3020516280432.0,0.0017960889183956644,4.0,4.596256732940674,0.7107843137254902,0.8033333333333333,1.4035,290.708,9.263
32,5e-05,16,16,4402562,16384,12.3725,1185.854,37.179,3020516280432.0,0.0015898753767428192,4.0,4.530797481536865,0.7132352941176471,0.8046744574290484,1.3277,307.292,9.791
32,3e-05,16,16,4402562,16384,12.3095,1191.922,37.369,3020516280432.0,0.0015107565599939098,4.0,4.507526397705078,0.7107843137254902,0.802675585284281,1.3549,301.136,9.595
64,0.0003,16,16,4402562,16384,10.3294,1420.407,22.46,3155982747120.0,6.741073587457729e-08,4.0,4.78765344619751,0.7058823529411765,0.7966101694915254,1.3052,312.592,5.363
64,0.0001,16,16,4402562,16384,10.2833,1426.779,22.561,3155982747120.0,0.0001174847290305228,4.0,4.678280830383301,0.7156862745098039,0.8073089700996677,1.3468,302.934,5.197
64,5e-05,16,16,4402562,16384,10.2505,1431.342,22.633,3155982747120.0,0.0006140075495530819,4.0,4.611323356628418,0.7156862745098039,0.8066666666666666,1.2785,319.125,5.475
64,3e-05,16,16,4402562,16384,10.3901,1412.114,22.329,3155982747120.0,0.0007627961579067953,4.0,4.566454887390137,0.7181372549019608,0.8080133555926544,1.3003,313.781,5.384
128,0.0003,16,16,4402562,16384,10.0213,1464.075,11.575,3294028937808.0,0.0012669709735903248,4.0,4.701114654541016,0.7107843137254902,0.802675585284281,1.279,318.996,3.127
128,0.0001,16,16,4402562,16384,9.6715,1517.033,11.994,3294028937808.0,0.0011318151293129757,4.0,4.619832515716553,0.7107843137254902,0.802675585284281,1.2855,317.396,3.112
128,5e-05,16,16,4402562,16384,9.6359,1522.64,12.038,3294028937808.0,0.001083059300636423,4.0,4.566175937652588,0.7132352941176471,0.8040201005025126,1.3198,309.138,3.031
128,3e-05,16,16,4402562,16384,10.0653,1457.675,11.525,3294028937808.0,0.001053110150427654,4.0,4.536083698272705,0.7132352941176471,0.8040201005025126,1.2886,316.62,3.104
